"Cell_ID","Predicted_Celltype_l2"
"AAACATACAACCAC-1","CD8 TCM"
"AAACATTGAGCTAC-1","B intermediate"
"AAACATTGATCAGC-1","CD4 TCM"
"AAACCGTGCTTCCG-1","CD14 Mono"
"AAACCGTGTATGCG-1","NK"
"AAACGCACTGGTAC-1","CD4 TCM"
"AAACGCTGACCAGT-1","CD8 TEM"
"AAACGCTGGTTCTT-1","MAIT"
"AAACGCTGTAGCCA-1","CD4 TEM"
"AAACGCTGTTTCTG-1","CD16 Mono"
"AAACTTGAAAAACG-1","B memory"
"AAACTTGATCCAGA-1","CD4 TCM"
"AAAGAGACGAGATA-1","CD4 TCM"
"AAAGAGACGCGAGA-1","CD14 Mono"
"AAAGAGACGGACTT-1","CD8 TEM"
"AAAGAGACGGCATT-1","CD4 TCM"
"AAAGATCTGGGCAA-1","CD14 Mono"
"AAAGCAGAAGCCAT-1","MAIT"
"AAAGCAGATATCGG-1","CD14 Mono"
"AAAGCCTGTATGCG-1","CD4 TCM"
"AAAGGCCTGTCTAG-1","B intermediate"
"AAAGTTTGATCACG-1","B naive"
"AAAGTTTGGGGTGA-1","B intermediate"
"AAAGTTTGTAGAGA-1","CD4 TCM"
"AAAGTTTGTAGCGT-1","CD14 Mono"
"AAATCAACAATGCC-1","B memory"
"AAATCAACACCAGT-1","CD4 TCM"
"AAATCAACCAGGAG-1","CD8 Naive"
"AAATCAACCCTATT-1","CD16 Mono"
"AAATCAACGGAAGC-1","CD4 TCM"
"AAATCAACTCGCAA-1","CD4 TCM"
"AAATCATGACCACA-1","CD16 Mono"
"AAATCCCTCCACAA-1","CD4 TEM"
"AAATCCCTGCTATG-1","B naive"
"AAATGTTGAACGAA-1","CD14 Mono"
"AAATGTTGCCACAA-1","CD4 TCM"
"AAATGTTGTGGCAT-1","CD14 Mono"
"AAATTCGAAGGTTC-1","CD4 TCM"
"AAATTCGAATCACG-1","CD14 Mono"
"AAATTCGAGCTGAT-1","CD16 Mono"
"AAATTCGAGGAGTG-1","CD8 Naive"
"AAATTCGATTCTCA-1","NK_CD56bright"
"AAATTGACACGACT-1","MAIT"
"AAATTGACTCGCTC-1","CD4 TCM"
"AACAAACTCATTTC-1","CD4 TCM"
"AACAAACTTTCGTT-1","CD4 TCM"
"AACAATACGACGAG-1","CD8 Naive"
"AACACGTGCAGAGG-1","CD4 TCM"
"AACACGTGGAAAGT-1","CD4 TCM"
"AACACGTGGAACCT-1","CD14 Mono"
"AACACGTGGCTACA-1","CD4 TCM"
"AACACGTGTACGAC-1","CD16 Mono"
"AACAGCACAAGAGT-1","CD14 Mono"
"AACATTGATGGGAG-1","CD16 Mono"
"AACCAGTGATACCG-1","CD16 Mono"
"AACCCAGATCGCTC-1","CD4 TCM"
"AACCGATGCTCCCA-1","CD4 TCM"
"AACCGATGGTCATG-1","B naive"
"AACCGATGTTCTAC-1","CD14 Mono"
"AACCGCCTAGCGTT-1","CD4 TCM"
"AACCGCCTCTACGA-1","CD14 Mono"
"AACCTACTGTGAGG-1","CD14 Mono"
"AACCTACTGTGTTG-1","CD8 Naive"
"AACCTTACGAGACG-1","CD4 Naive"
"AACCTTACGCGAGA-1","NK"
"AACCTTACTAACGC-1","CD16 Mono"
"AACCTTTGGACGGA-1","CD4 TCM"
"AACCTTTGTACGCA-1","CD16 Mono"
"AACGCAACAAGTAG-1","CD4 TCM"
"AACGCATGACCCAA-1","CD4 TCM"
"AACGCATGCCTTCG-1","CD8 Naive"
"AACGCATGTACTTC-1","CD4 TCM"
"AACGCCCTCGGGAA-1","CD4 TCM"
"AACGCCCTCGTACA-1","NK"
"AACGCCCTGCTTAG-1","B naive"
"AACGCCCTGGCATT-1","CD4 TCM"
"AACGTCGAGTATCG-1","NK"
"AACGTGTGAAAGCA-1","CD4 TCM"
"AACGTGTGGCGGAA-1","B memory"
"AACGTGTGTCCAAG-1","CD4 TCM"
"AACGTGTGTGCTTT-1","CD4 TCM"
"AACTACCTTAGAGA-1","CD8 Naive"
"AACTCACTCAAGCT-1","CD14 Mono"
"AACTCACTTGGAGG-1","CD14 Mono"
"AACTCGGAAAGTGA-1","MAIT"
"AACTCGGAAGGTCT-1","CD14 Mono"
"AACTCTTGCAGGAG-1","CD4 TCM"
"AACTGTCTCCCTTG-1","CD14 Mono"
"AACTTGCTACGCTA-1","B memory"
"AACTTGCTGGGACA-1","CD4 TCM"
"AAGAACGAGTGTTG-1","CD4 TCM"
"AAGAAGACGTAGGG-1","B naive"
"AAGACAGAAGTCTG-1","B intermediate"
"AAGACAGAGGATCT-1","CD4 TCM"
"AAGACAGATTACCT-1","CD14 Mono"
"AAGAGATGGGTAGG-1","B naive"
"AAGATGGAAAACAG-1","B naive"
"AAGATGGAGAACTC-1","CD14 Mono"
"AAGATGGAGATAAG-1","CD14 Mono"
"AAGATTACAACCTG-1","CD4 Naive"
"AAGATTACAGATCC-1","CD14 Mono"
"AAGATTACCCGTTC-1","CD14 Mono"
"AAGATTACCGCCTT-1","cDC2"
"AAGATTACCTCAAG-1","NK"
"AAGATTACTCCTCG-1","CD14 Mono"
"AAGCAAGAGCGAGA-1","CD8 TCM"
"AAGCAAGAGCTTAG-1","CD8 TEM"
"AAGCAAGAGGTGTT-1","NK"
"AAGCACTGAGCAAA-1","B memory"
"AAGCACTGCATACG-1","CD8 TEM"
"AAGCACTGGTTCTT-1","B naive"
"AAGCCAACGTGTTG-1","CD4 TCM"
"AAGCCATGAACTGC-1","cDC2"
"AAGCCATGACACGT-1","CD14 Mono"
"AAGCCATGCGTGAT-1","CD4 TCM"
"AAGCCATGTCTCGC-1","CD8 TEM"
"AAGCCTGACATGCA-1","CD4 TCM"
"AAGCCTGACCGAAT-1","CD14 Mono"
"AAGCGACTCCTCAC-1","CD16 Mono"
"AAGCGACTGTGTCA-1","CD8 Naive"
"AAGCGACTTACAGC-1","B naive"
"AAGCGACTTTGACG-1","CD16 Mono"
"AAGCGTACGTCTTT-1","CD4 TCM"
"AAGGCTTGCGAACT-1","CD8 TEM"
"AAGGTCACGGTTAC-1","CD14 Mono"
"AAGGTCACTGTTTC-1","B naive"
"AAGGTCACTTCCCG-1","MAIT"
"AAGGTCTGACAGTC-1","CD4 TCM"
"AAGGTCTGCAGATC-1","CD4 Naive"
"AAGGTCTGGTATGC-1","CD14 Mono"
"AAGTAACTCTGAAC-1","CD14 Mono"
"AAGTAACTGAGATA-1","B naive"
"AAGTAGGATACAGC-1","NK"
"AAGTATACCGAACT-1","CD4 TCM"
"AAGTCCGACTTGTT-1","CD4 TCM"
"AAGTCCGATAGAAG-1","CD8 Naive"
"AAGTCTCTAGTCGT-1","CD4 TCM"
"AAGTCTCTCGGAGA-1","CD8 TEM"
"AAGTGGCTTGGAGG-1","B naive"
"AAGTTCCTCATTCT-1","CD16 Mono"
"AAGTTCCTTCTTAC-1","CD8 TCM"
"AATAAGCTCGAATC-1","CD4 TCM"
"AATAAGCTCGTTGA-1","CD4 TCM"
"AATACCCTGGACGA-1","B naive"
"AATACCCTGGCATT-1","CD4 TCM"
"AATACTGAAAGGGC-1","NK"
"AATACTGAATTGGC-1","NK"
"AATAGGGAACCCTC-1","B memory"
"AATAGGGAGAATGA-1","CD8 TEM"
"AATCAAACTATCGG-1","CD8 TEM"
"AATCCGGAATGCTG-1","B memory"
"AATCCTACCGGTAT-1","CD4 Naive"
"AATCCTTGACGGGA-1","CD14 Mono"
"AATCCTTGGTGAGG-1","NK"
"AATCGGTGGAACTC-1","CD8 TEM"
"AATCGGTGTGCTTT-1","CD8 Naive"
"AATCTAGAAAAGTG-1","CD4 TCM"
"AATCTAGAATCGGT-1","CD8 Naive"
"AATCTCACAGCCTA-1","CD14 Mono"
"AATCTCACTCTAGG-1","CD4 TCM"
"AATCTCTGAACAGA-1","CD4 TCM"
"AATCTCTGCTTTAC-1","NK"
"AATGATACACCAAC-1","CD8 TEM"
"AATGATACGGTCAT-1","CD14 Mono"
"AATGCGTGACACCA-1","B memory"
"AATGCGTGGACGGA-1","cDC2"
"AATGCGTGGCTATG-1","B naive"
"AATGGAGAATCGTG-1","CD14 Mono"
"AATGGAGATCCTTA-1","CD4 TEM"
"AATGGCTGACACCA-1","B naive"
"AATGGCTGCGTGAT-1","CD4 TCM"
"AATGGCTGTAAAGG-1","MAIT"
"AATGGCTGTACTCT-1","CD8 TEM"
"AATGGCTGTGAAGA-1","CD4 TCM"
"AATGTAACGGTGGA-1","CD4 TCM"
"AATGTAACGTTTGG-1","MAIT"
"AATGTCCTCTTCTA-1","CD4 TCM"
"AATGTTGACAGTCA-1","CD4 TCM"
"AATGTTGAGTTGAC-1","CD14 Mono"
"AATGTTGATCTACT-1","CD4 TCM"
"AATTACGAATTCCT-1","cDC2"
"AATTACGACTTCTA-1","CD4 Naive"
"AATTACGAGTAGCT-1","MAIT"
"AATTACGAGTGAGG-1","CD4 TCM"
"AATTACGATTGGCA-1","B naive"
"AATTCCTGCTCAGA-1","B naive"
"AATTGATGTCGCAA-1","CD16 Mono"
"AATTGTGACTTGGA-1","B naive"
"ACAAAGGAGGGTGA-1","CD4 Naive"
"ACAAATTGATTCTC-1","CD16 Mono"
"ACAAATTGCTCAGA-1","CD14 Mono"
"ACAAATTGTTGCGA-1","NK"
"ACAACCGAGGGATG-1","NK_CD56bright"
"ACAACCGAGTTACG-1","CD4 TCM"
"ACAAGAGAAGTCGT-1","CD14 Mono"
"ACAAGAGACTTATC-1","CD4 TCM"
"ACAAGAGAGTTGAC-1","B naive"
"ACAATCCTAACCGT-1","CD4 TCM"
"ACAATCCTTAGCGT-1","B naive"
"ACAATTGACTGACA-1","CD8 TEM"
"ACAATTGATGACTG-1","NK"
"ACACAGACACCTGA-1","CD14 Mono"
"ACACAGACCATACG-1","CD8 TEM"
"ACACCAGAGGGCAA-1","CD8 TEM"
"ACACCCTGGTGTTG-1","NK"
"ACACGAACAGTTCG-1","CD4 TCM"
"ACACGATGACGCAT-1","MAIT"
"ACACGATGATGTGC-1","CD14 Mono"
"ACACGATGTCGTAG-1","CD8 TEM"
"ACACGATGTGGTCA-1","CD8 TEM"
"ACAGACACGGCATT-1","CD8 TCM"
"ACAGACACGTTGTG-1","CD4 TCM"
"ACAGCAACACCTAG-1","CD14 Mono"
"ACAGCAACCTCAAG-1","CD16 Mono"
"ACAGGTACCCCACT-1","CD4 TCM"
"ACAGGTACGCTGTA-1","MAIT"
"ACAGGTACTGGTGT-1","NK"
"ACAGTCGACCCAAA-1","CD8 TEM"
"ACAGTCGACCGATA-1","CD8 TEM"
"ACAGTGACTCACCC-1","CD8 TEM"
"ACAGTGACTCTATC-1","MAIT"
"ACAGTGTGGTCACA-1","CD4 TCM"
"ACAGTGTGTTGCGA-1","CD14 Mono"
"ACATCACTCTACTT-1","CD14 Mono"
"ACATGGTGAAGCCT-1","CD4 TCM"
"ACATGGTGCAACCA-1","B memory"
"ACATGGTGCGAGTT-1","CD4 TCM"
"ACATGGTGCGTTGA-1","MAIT"
"ACATTCTGGCATAC-1","CD4 TCM"
"ACATTCTGGGAACG-1","CD14 Mono"
"ACCAACGACATGCA-1","CD4 TCM"
"ACCACAGAAAGTAG-1","CD4 TCM"
"ACCACAGAGTTGGT-1","CD4 TCM"
"ACCACCTGTGTGCA-1","CD4 TCM"
"ACCACGCTACAGCT-1","CD4 TCM"
"ACCACGCTACCCAA-1","CD8 TEM"
"ACCACGCTGCGAGA-1","CD4 TCM"
"ACCACGCTGCTGTA-1","CD8 TCM"
"ACCAGCCTGACAGG-1","CD4 TCM"
"ACCAGTGAACGGTT-1","B naive"
"ACCAGTGAATACCG-1","CD16 Mono"
"ACCAGTGAGGGATG-1","CD8 Naive"
"ACCAGTGATGACTG-1","CD14 Mono"
"ACCATTACCTTCTA-1","CD4 TCM"
"ACCATTACGAGATA-1","CD4 TCM"
"ACCATTTGTCATTC-1","CD4 TCM"
"ACCCAAGAACTGTG-1","CD8 TEM"
"ACCCAAGAATTCCT-1","CD16 Mono"
"ACCCAAGAGGACAG-1","CD4 TCM"
"ACCCAAGATTCACT-1","B naive"
"ACCCACTGCGCCTT-1","CD14 Mono"
"ACCCACTGGACAGG-1","CD4 TCM"
"ACCCACTGGTTCAG-1","Platelet"
"ACCCACTGTCGTAG-1","CD14 Mono"
"ACCCAGCTCAGAAA-1","CD4 TCM"
"ACCCAGCTGTTAGC-1","CD14 Mono"
"ACCCAGCTTGCTTT-1","CD4 TCM"
"ACCCGTTGATGACC-1","B naive"
"ACCCGTTGCTGCAA-1","CD4 Naive"
"ACCCGTTGCTTCTA-1","pDC"
"ACCCTCGACCTATT-1","CD4 TCM"
"ACCCTCGACGGTAT-1","B memory"
"ACCCTCGATAAGGA-1","CD14 Mono"
"ACCCTCGATCAAGC-1","CD16 Mono"
"ACCGTGCTACCAGT-1","CD4 TCM"
"ACCGTGCTGGAACG-1","B memory"
"ACCTATTGCTGAGT-1","B intermediate"
"ACCTATTGTGCCCT-1","CD16 Mono"
"ACCTCCGAGTCCTC-1","CD4 TCM"
"ACCTCCGATATGCG-1","CD4 TCM"
"ACCTCCGATGCTGA-1","CD4 TCM"
"ACCTCGTGAACCAC-1","MAIT"
"ACCTGAGATATCGG-1","CD14 Mono"
"ACCTGGCTAAGTAG-1","NK"
"ACCTGGCTGTCTTT-1","CD16 Mono"
"ACCTTTGACTCCCA-1","CD14 Mono"
"ACCTTTGAGGAACG-1","CD14 Mono"
"ACCTTTGAGGAAGC-1","CD16 Mono"
"ACGAACACCTTGTT-1","CD8 TEM"
"ACGAACTGGCTATG-1","Platelet"
"ACGAAGCTCTCCAC-1","CD4 TCM"
"ACGAAGCTCTGAGT-1","B intermediate"
"ACGACCCTATCTCT-1","CD16 Mono"
"ACGACCCTGATGAA-1","CD8 TCM"
"ACGACCCTTGACAC-1","B memory"
"ACGACCCTTGACCA-1","CD4 TCM"
"ACGAGGGACAGGAG-1","cDC2"
"ACGAGGGACGAACT-1","CD4 TCM"
"ACGAGGGATGTAGC-1","CD4 TCM"
"ACGAGTACCCTAAG-1","B naive"
"ACGAGTACGAATCC-1","B naive"
"ACGATCGAGGACTT-1","NK_CD56bright"
"ACGATCGAGTCACA-1","CD14 Mono"
"ACGATGACAATGCC-1","CD4 TCM"
"ACGATGACTGGTCA-1","CD4 TCM"
"ACGATTCTACGGGA-1","CD8 TEM"
"ACGCAATGGTTCAG-1","NK"
"ACGCACCTGTTAGC-1","B naive"
"ACGCCACTGAACTC-1","CD14 Mono"
"ACGCCGGAAACCAC-1","CD14 Mono"
"ACGCCGGAAAGCCT-1","CD4 TCM"
"ACGCCGGAAATGCC-1","CD4 TCM"
"ACGCCTTGCTCCCA-1","CD16 Mono"
"ACGCGGTGGCGAGA-1","CD4 TCM"
"ACGCGGTGTGTGGT-1","B intermediate"
"ACGCGGTGTTTGCT-1","CD8 TEM"
"ACGCTCACAGTACC-1","CD4 Naive"
"ACGCTCACCCTTGC-1","CD4 TCM"
"ACGCTGCTGTTCTT-1","NK"
"ACGGAACTCAGATC-1","NK"
"ACGGAACTGTCGTA-1","CD16 Mono"
"ACGGAGGACTCTTA-1","CD14 Mono"
"ACGGATTGGGAGGT-1","B naive"
"ACGGATTGGTTAGC-1","CD4 TCM"
"ACGGCTCTGAGCAG-1","CD4 TCM"
"ACGGCTCTTGCACA-1","CD4 TCM"
"ACGGTAACCGCTAA-1","CD8 TCM"
"ACGGTAACCTTCGC-1","CD8 TEM"
"ACGGTAACGGTGGA-1","CD4 TCM"
"ACGGTAACTCGCAA-1","CD8 TEM"
"ACGGTATGAGTCGT-1","CD14 Mono"
"ACGGTATGGGTATC-1","B naive"
"ACGGTATGGTTGTG-1","B naive"
"ACGGTCCTAACGGG-1","CD4 TCM"
"ACGGTCCTCGGGAA-1","CD4 TCM"
"ACGTAGACAACCAC-1","CD4 TCM"
"ACGTAGACTACAGC-1","B naive"
"ACGTCAGAAACGAA-1","CD4 TCM"
"ACGTCAGAGAGCTT-1","CD14 Mono"
"ACGTCAGAGGGATG-1","CD4 TCM"
"ACGTCCTGATAAGG-1","CD14 Mono"
"ACGTCCTGTGAACC-1","CD14 Mono"
"ACGTCGCTCCTGAA-1","NK Proliferating"
"ACGTCGCTCTATTC-1","cDC2"
"ACGTCGCTTCTCAT-1","B naive"
"ACGTGATGCCATGA-1","cDC2"
"ACGTGATGGGTCTA-1","CD8 Naive"
"ACGTGATGTAACCG-1","CD16 Mono"
"ACGTGATGTGACAC-1","NK"
"ACGTGCCTCCGTAA-1","CD4 TCM"
"ACGTGCCTTCTATC-1","CD8 TEM"
"ACGTTACTTTCCAT-1","CD4 TCM"
"ACGTTGGAAAAGCA-1","CD8 Naive"
"ACGTTGGAAACCTG-1","CD8 TEM"
"ACGTTGGACCGTAA-1","CD14 Mono"
"ACGTTGGAGCCAAT-1","NK"
"ACGTTGGATATGGC-1","B naive"
"ACGTTGGATCAGGT-1","CD14 Mono"
"ACGTTTACATCAGC-1","CD8 Naive"
"ACTAAAACCCACAA-1","CD8 TCM"
"ACTAAAACTCGACA-1","CD14 Mono"
"ACTACGGAATTTCC-1","CD4 TCM"
"ACTACGGACCTATT-1","CD4 TCM"
"ACTACGGATCGCTC-1","CD4 TCM"
"ACTACTACTAAGGA-1","CD8 Naive"
"ACTAGGTGGAACCT-1","CD8 TCM"
"ACTAGGTGGAACTC-1","CD4 TCM"
"ACTATCACCTTGGA-1","CD8 TEM"
"ACTATCACTGCCAA-1","CD4 TCM"
"ACTCAGGACTGAAC-1","CD4 TCM"
"ACTCAGGATCTATC-1","B naive"
"ACTCAGGATTCGTT-1","CD14 Mono"
"ACTCCTCTCAACTG-1","CD4 TCM"
"ACTCGCACGAAAGT-1","CD14 Mono"
"ACTCGCACTACGAC-1","CD14 Mono"
"ACTCTCCTGACACT-1","CD4 TCM"
"ACTCTCCTGCATAC-1","HSPC"
"ACTCTCCTGTTTGG-1","CD4 TCM"
"ACTGAGACAACCAC-1","MAIT"
"ACTGAGACCCATAG-1","CD16 Mono"
"ACTGAGACGTTGGT-1","B memory"
"ACTGCCACACACGT-1","CD8 TEM"
"ACTGCCACTCCGTC-1","NK"
"ACTGGCCTTCAGTG-1","NK"
"ACTGTGGACGTGTA-1","CD8 TEM"
"ACTGTGGATCTAGG-1","B naive"
"ACTGTTACCCACAA-1","CD14 Mono"
"ACTGTTACTGCAGT-1","CD8 Naive"
"ACTTAAGAACCACA-1","CD8 Naive"
"ACTTAAGACCACAA-1","CD4 TEM"
"ACTTAAGATTACTC-1","cDC2"
"ACTTAGCTGCGTAT-1","CD16 Mono"
"ACTTAGCTGGGAGT-1","CD4 TCM"
"ACTTCAACAAGCAA-1","CD8 TEM"
"ACTTCAACGTAGGG-1","NK"
"ACTTCCCTTTCCGC-1","CD4 TCM"
"ACTTCTGACATGCA-1","B naive"
"ACTTGACTCCACAA-1","B naive"
"ACTTGGGAGAAAGT-1","CD14 Mono"
"ACTTGGGAGGTTTG-1","CD4 TEM"
"ACTTGGGATGTGAC-1","CD16 Mono"
"ACTTGGGATTGACG-1","CD14 Mono"
"ACTTGTACCCGAAT-1","CD8 Naive"
"ACTTGTACCTGTCC-1","CD4 TCM"
"ACTTTGTGCGATAC-1","CD4 TCM"
"ACTTTGTGGAAAGT-1","CD4 TCM"
"ACTTTGTGGATAGA-1","CD14 Mono"
"AGAAACGAAAGTAG-1","B naive"
"AGAAAGTGCGCAAT-1","CD4 TCM"
"AGAAAGTGGGGATG-1","CD14 Mono"
"AGAACAGAAATGCC-1","NK"
"AGAACAGACGACTA-1","B naive"
"AGAACAGAGACAAA-1","CD4 TCM"
"AGAACGCTTTGCTT-1","CD4 TCM"
"AGAAGATGTGACTG-1","CD4 TCM"
"AGAATGGAAGAAGT-1","CD8 TEM"
"AGAATTTGTAACCG-1","CD4 TCM"
"AGAATTTGTAGAGA-1","CD4 Naive"
"AGACACACTGTAGC-1","CD8 Naive"
"AGACACTGTCAAGC-1","CD14 Mono"
"AGACCTGAAGTAGA-1","CD14 Mono"
"AGACCTGACCAACA-1","CD4 TCM"
"AGACCTGAGGAAGC-1","MAIT"
"AGACGTACAGAGGC-1","CD4 TCM"
"AGACGTACCCCTAC-1","B naive"
"AGACGTACCTCTTA-1","CD14 Mono"
"AGACGTACTCGTGA-1","CD16 Mono"
"AGACTGACCATCAG-1","CD8 TEM"
"AGACTGACCCTTTA-1","CD8 Naive"
"AGACTTCTCATGCA-1","B naive"
"AGAGATGACAGTCA-1","B naive"
"AGAGATGACTGAAC-1","CD4 TCM"
"AGAGATGAGGTTTG-1","CD14 Mono"
"AGAGATGATCTCGC-1","B memory"
"AGAGATGATTGTGG-1","CD8 TCM"
"AGAGCGGAGGCAAG-1","CD14 Mono"
"AGAGGTCTACAGCT-1","NK Proliferating"
"AGAGTCTGGTCGTA-1","CD16 Mono"
"AGAGTGCTCAGCTA-1","CD4 TCM"
"AGAGTGCTCGAATC-1","CD4 TCM"
"AGAGTGCTGTCATG-1","CD4 TCM"
"AGAGTGCTGTCCTC-1","MAIT"
"AGAGTGCTGTGTTG-1","B naive"
"AGATATACCCGTAA-1","NK"
"AGATATACGATGAA-1","CD4 TCM"
"AGATATACTGTTCT-1","B memory"
"AGATATTGCCTACC-1","CD8 TEM"
"AGATATTGGCCAAT-1","CD14 Mono"
"AGATCGTGTCTGGA-1","CD14 Mono"
"AGATCGTGTTTGTC-1","B naive"
"AGATCTCTATCACG-1","B naive"
"AGATTAACGTTCTT-1","CD16 Mono"
"AGATTCCTATCGTG-1","CD4 TCM"
"AGATTCCTCACTTT-1","CD14 Mono"
"AGATTCCTGACGAG-1","CD14 Mono"
"AGATTCCTGTTCAG-1","NK"
"AGCAAAGATATGCG-1","CD4 TCM"
"AGCACAACAGTCTG-1","CD8 TCM"
"AGCACTGAGGGAGT-1","CD4 TCM"
"AGCACTGATATGCG-1","CD4 TCM"
"AGCACTGATGCTTT-1","cDC2"
"AGCACTGATTGCGA-1","CD4 TCM"
"AGCATCGAAGATCC-1","CD4 TCM"
"AGCATCGAAGGGTG-1","B memory"
"AGCATCGAGCTTCC-1","CD14 Mono"
"AGCATCGAGTGAGG-1","CD4 TCM"
"AGCATCGATAACCG-1","CD14 Mono"
"AGCATGACGATGAA-1","CD8 TEM"
"AGCCAATGGGGAGT-1","CD16 Mono"
"AGCCAATGTATCTC-1","CD4 TCM"
"AGCCACCTGGATCT-1","CD8 TEM"
"AGCCGGTGCCAATG-1","CD4 TCM"
"AGCCGGTGTGTTTC-1","CD4 TCM"
"AGCCGTCTCAATCG-1","CD8 Naive"
"AGCCGTCTGAGAGC-1","CD4 TCM"
"AGCCTCACGTTCGA-1","CD4 TCM"
"AGCCTCACTGTCAG-1","CD16 Mono"
"AGCCTCTGCAGTTG-1","B naive"
"AGCCTCTGCCAATG-1","NK"
"AGCGAACTGGATCT-1","CD8 Naive"
"AGCGAACTTACTGG-1","CD4 TCM"
"AGCGATACGGAGCA-1","CD8 Naive"
"AGCGATTGAGATCC-1","NK"
"AGCGCCGAATCTCT-1","CD4 TCM"
"AGCGCCGACAGAGG-1","CD4 TCM"
"AGCGCTCTACCTTT-1","CD4 TCM"
"AGCGGCACCGGGAA-1","CD8 Naive"
"AGCGGCTGATGTGC-1","CD4 TCM"
"AGCGGGCTTGCCAA-1","CD4 TCM"
"AGCGTAACATGCTG-1","CD4 TCM"
"AGCGTAACTGAGAA-1","CD14 Mono"
"AGCTCGCTACTGGT-1","CD4 TCM"
"AGCTCGCTCTGCTC-1","CD8 Naive"
"AGCTGAACCATACG-1","CD16 Mono"
"AGCTGAACCTCTCG-1","CD4 TCM"
"AGCTGCCTTGGGAG-1","CD14 Mono"
"AGCTGCCTTTCATC-1","CD4 TCM"
"AGCTGCCTTTCTGT-1","CD4 TCM"
"AGCTGTGATCCAAG-1","CD8 TCM"
"AGCTTTACAAGTAG-1","CD4 TCM"
"AGCTTTACACCAAC-1","MAIT"
"AGCTTTACTCTCAT-1","B memory"
"AGGAAATGAGGAGC-1","CD4 TEM"
"AGGAACCTCTTAGG-1","CD16 Mono"
"AGGAACCTTGCCTC-1","CD8 TEM"
"AGGAATGATAACGC-1","CD8 TCM"
"AGGAATGATTTGTC-1","CD4 TCM"
"AGGAGTCTGGTTTG-1","CD4 TCM"
"AGGAGTCTTGTCAG-1","CD4 TCM"
"AGGATAGACATTTC-1","CD4 TCM"
"AGGATAGAGGATTC-1","CD8 TEM"
"AGGATGCTACTAGC-1","B naive"
"AGGATGCTTTAGGC-1","NK"
"AGGCAACTGAAGGC-1","CD4 TCM"
"AGGCAGGAGTACCA-1","MAIT"
"AGGCCTCTAGTCGT-1","CD4 TCM"
"AGGCCTCTCGGAGA-1","CD4 TCM"
"AGGCCTCTCGTAAC-1","CD4 TCM"
"AGGGACGACGTTGA-1","CD4 TCM"
"AGGGACGAGTCAAC-1","NK"
"AGGGACGAGTTGTG-1","CD4 TCM"
"AGGGACGATAGAGA-1","MAIT"
"AGGGACGATGCATG-1","CD8 TEM"
"AGGGAGTGAGCCTA-1","CD4 TCM"
"AGGGCCACCATACG-1","CD4 TCM"
"AGGGCGCTAACCAC-1","CD14 Mono"
"AGGGCGCTATGGTC-1","CD4 TCM"
"AGGGTGGACAGTCA-1","B intermediate"
"AGGGTGGACTCAAG-1","CD14 Mono"
"AGGGTGGAGTTGCA-1","CD8 TEM"
"AGGGTTTGTTCATC-1","CD14 Mono"
"AGGTCATGAGTGTC-1","B naive"
"AGGTCATGCTTATC-1","CD8 TEM"
"AGGTCTGATTCTCA-1","CD16 Mono"
"AGGTGGGAAGAATG-1","CD4 TCM"
"AGGTGGGAAGTTCG-1","CD4 TCM"
"AGGTGTTGGTTACG-1","B naive"
"AGGTTCGAACCTCC-1","CD14 Mono"
"AGGTTCGAACGTAC-1","CD14 Mono"
"AGGTTCGAGGGTGA-1","CD4 TCM"
"AGTAAGGAGTTTGG-1","CD4 TCM"
"AGTAAGGATTCTTG-1","CD4 TCM"
"AGTAATACATCACG-1","NK"
"AGTAATACCGAACT-1","B naive"
"AGTAATTGTCCCAC-1","CD4 TCM"
"AGTACGTGAGGGTG-1","CD4 TCM"
"AGTACGTGCTGCAA-1","CD4 TCM"
"AGTACGTGCTTGGA-1","CD4 TCM"
"AGTACTCTACGTGT-1","B naive"
"AGTACTCTCAACCA-1","CD8 TEM"
"AGTACTCTCGGTAT-1","CD4 TCM"
"AGTAGGCTTGCCTC-1","CD16 Mono"
"AGTATAACTTGTCT-1","CD16 Mono"
"AGTATCCTAGAACA-1","CD4 Naive"
"AGTCACGATGAGCT-1","NK"
"AGTCAGACGAATAG-1","CD4 TCM"
"AGTCAGACGCTTAG-1","CD8 TCM"
"AGTCAGACTAGAGA-1","MAIT"
"AGTCAGACTGCACA-1","CD4 TCM"
"AGTCCAGATATCTC-1","CD4 TCM"
"AGTCCAGATTTCAC-1","CD4 TCM"
"AGTCGAACCAACCA-1","CD4 TCM"
"AGTCGCCTCCGTAA-1","CD4 TCM"
"AGTCTACTAGGGTG-1","CD14 Mono"
"AGTCTACTTGCATG-1","CD16 Mono"
"AGTCTTACACCACA-1","CD8 Naive"
"AGTCTTACTTCGCC-1","CD8 TEM"
"AGTCTTACTTCGGA-1","Platelet"
"AGTGACTGCAACTG-1","CD16 Mono"
"AGTGTTCTAACCTG-1","CD4 TCM"
"AGTGTTCTATAAGG-1","dnT"
"AGTGTTCTCACTTT-1","CD14 Mono"
"AGTTAAACCACTTT-1","CD4 TCM"
"AGTTATGAACAGTC-1","CD14 Mono"
"AGTTATGACTGAGT-1","CD4 TCM"
"AGTTATGAGTTCAG-1","CD4 TCM"
"AGTTCTACCAGCTA-1","CD14 Mono"
"AGTTCTTGAAGCCT-1","CD8 TEM"
"AGTTGTCTACTACG-1","CD4 TCM"
"AGTTTAGATGGTCA-1","CD4 TCM"
"AGTTTCACGGTCTA-1","CD8 TEM"
"AGTTTGCTACAGTC-1","CD8 Naive"
"AGTTTGCTACTGGT-1","NK_CD56bright"
"AGTTTGCTCCAAGT-1","CD4 TCM"
"ATAAACACAGTGCT-1","B intermediate"
"ATAAACACCACCAA-1","CD8 Naive"
"ATAACAACATGCTG-1","CD14 Mono"
"ATAACAACGTCTAG-1","CD4 TCM"
"ATAACAACTTTGTC-1","CD4 TCM"
"ATAACATGTACTCT-1","CD4 TCM"
"ATAACCCTGTTGGT-1","CD8 TCM"
"ATAACCCTTGGTAC-1","CD4 TCM"
"ATAAGTACGAATGA-1","B naive"
"ATAAGTTGGTACGT-1","CD16 Mono"
"ATAAGTTGTCTAGG-1","CD4 TCM"
"ATAATCGAGCTGAT-1","B naive"
"ATAATCGATGGTTG-1","CD4 TCM"
"ATAATGACCTACTT-1","CD4 TCM"
"ATAATGACTCGTGA-1","CD14 Mono"
"ATACAATGTTAGGC-1","CD4 TCM"
"ATACCACTCGTACA-1","CD14 Mono"
"ATACCACTCTAAGC-1","cDC2"
"ATACCACTGCCAAT-1","NK_CD56bright"
"ATACCGGAATGCTG-1","cDC2"
"ATACCGGACATTTC-1","CD14 Mono"
"ATACCGGACTTCGC-1","CD4 TCM"
"ATACCGGAGGTGTT-1","CD14 Mono"
"ATACCGGATCTCGC-1","CD4 TCM"
"ATACCTACGCATCA-1","CD4 TCM"
"ATACCTTGGGGCAA-1","CD8 Naive"
"ATACGGACAGACTC-1","CD14 Mono"
"ATACGGACCTACTT-1","CD14 Mono"
"ATACGGACGAGGTG-1","B naive"
"ATACGGACTATGCG-1","B naive"
"ATACGGACTCTGGA-1","CD14 Mono"
"ATACGTCTTAACGC-1","CD14 Mono"
"ATACTCTGCTTCGC-1","CD14 Mono"
"ATACTCTGGTATGC-1","NK"
"ATAGATACCATGGT-1","CD4 TCM"
"ATAGATACGACGAG-1","CD4 TCM"
"ATAGATTGGTGTAC-1","B memory"
"ATAGCCGAACGGAG-1","CD4 TCM"
"ATAGCGTGCAGATC-1","CD4 TCM"
"ATAGCGTGCCCTTG-1","CD14 Mono"
"ATAGCGTGGTATCG-1","CD14 Mono"
"ATAGCGTGTCTCTA-1","CD4 TCM"
"ATAGCTCTCTGATG-1","CD4 TCM"
"ATAGCTCTGAGGTG-1","CD4 TCM"
"ATAGGAGAAACAGA-1","CD14 Mono"
"ATAGGCTGTCAGAC-1","CD4 TCM"
"ATAGTCCTAGTGTC-1","CD14 Mono"
"ATAGTCCTTGCATG-1","CD8 TEM"
"ATAGTCCTTGTCGA-1","CD4 TCM"
"ATAGTTGACAACTG-1","CD4 TCM"
"ATAGTTGACCCTCA-1","CD16 Mono"
"ATAGTTGAGACGTT-1","CD4 TCM"
"ATAGTTGATAAGCC-1","CD4 TCM"
"ATATACGAAGCCAT-1","CD4 TCM"
"ATATACGAATTGGC-1","CD4 TCM"
"ATATAGTGGAATGA-1","CD14 Mono"
"ATATGCCTAGATCC-1","CD14 Mono"
"ATATGCCTGGACAG-1","CD8 Naive"
"ATATGCCTTCTCTA-1","CD4 TCM"
"ATATGCCTTGGTAC-1","CD4 TCM"
"ATCAAATGAGCCTA-1","CD14 Mono"
"ATCAAATGGGTAAA-1","CD16 Mono"
"ATCAACCTAAACGA-1","CD4 TCM"
"ATCAACCTGAGGAC-1","CD4 TCM"
"ATCAACCTTCTCTA-1","MAIT"
"ATCAACCTTTGTCT-1","MAIT"
"ATCACACTTTGTCT-1","CD4 TCM"
"ATCACGGATTGCTT-1","CD14 Mono"
"ATCACGGATTTCGT-1","B naive"
"ATCATCTGACACCA-1","Platelet"
"ATCATGCTAGAGTA-1","CD8 TEM"
"ATCATGCTGAACCT-1","B intermediate"
"ATCCAGGACGCTAA-1","CD16 Mono"
"ATCCAGGATGGAAA-1","CD4 TCM"
"ATCCATACTCCTTA-1","CD14 Mono"
"ATCCATACTTCATC-1","CD16 Mono"
"ATCCCGTGCAGTCA-1","NK"
"ATCCCGTGCATGCA-1","B naive"
"ATCCCGTGGCTGAT-1","B naive"
"ATCCGCACGCATCA-1","B memory"
"ATCCTAACGACGGA-1","B naive"
"ATCCTAACGCTACA-1","CD8 TEM"
"ATCGACGAAACTGC-1","CD14 Mono"
"ATCGACGAATGACC-1","CD8 Naive"
"ATCGAGTGGACGTT-1","CD8 TEM"
"ATCGCAGAATCTCT-1","CD16 Mono"
"ATCGCAGAGTGTCA-1","B naive"
"ATCGCCACTGAGGG-1","CD8 TEM"
"ATCGCCTGGGTCAT-1","CD4 TCM"
"ATCGCCTGTGGCAT-1","B naive"
"ATCGCGCTCAGAGG-1","CD14 Mono"
"ATCGCGCTGGGATG-1","CD4 TCM"
"ATCGCGCTTTTCGT-1","B naive"
"ATCGGAACCAGTCA-1","CD4 TCM"
"ATCGGTGAGTCAAC-1","CD4 TCM"
"ATCGGTGATTGCAG-1","CD4 TCM"
"ATCGTTTGCCTACC-1","CD14 Mono"
"ATCGTTTGGGTACT-1","CD14 Mono"
"ATCGTTTGTGCCAA-1","CD14 Mono"
"ATCTACACCCGCTT-1","CD14 Mono"
"ATCTACACCGGGAA-1","CD4 TCM"
"ATCTCAACAGGAGC-1","B naive"
"ATCTCAACCTCGAA-1","CD4 TCM"
"ATCTCAACCTTGTT-1","CD14 Mono"
"ATCTGGGAAACCAC-1","CD14 Mono"
"ATCTGGGAAGTGTC-1","CD14 Mono"
"ATCTGGGATTCCGC-1","MAIT"
"ATCTGTTGAACGGG-1","CD4 TCM"
"ATCTGTTGACCTCC-1","CD4 TCM"
"ATCTGTTGCCTTCG-1","CD14 Mono"
"ATCTGTTGGTTGCA-1","CD4 TCM"
"ATCTTGACACCAAC-1","CD4 TCM"
"ATCTTGACCTCCCA-1","CD14 Mono"
"ATCTTTCTGCATCA-1","CD8 TCM"
"ATCTTTCTGTTTCT-1","CD8 TCM"
"ATCTTTCTTGTCCC-1","NK"
"ATGAAACTCTGTGA-1","CD8 TCM"
"ATGAAACTGAGGCA-1","CD4 TCM"
"ATGAAGGAACAGCT-1","CD8 TEM"
"ATGAAGGACCTGTC-1","B naive"
"ATGAAGGACCTTAT-1","B naive"
"ATGAAGGACTAGTG-1","B naive"
"ATGAAGGACTTGCC-1","NK"
"ATGACGTGACGACT-1","B naive"
"ATGACGTGATCGGT-1","CD16 Mono"
"ATGAGAGAAAGTGA-1","CD4 TCM"
"ATGAGAGAACGCAT-1","CD4 TCM"
"ATGAGAGAAGTAGA-1","B naive"
"ATGAGCACACAGCT-1","CD8 Naive"
"ATGAGCACATCTTC-1","CD4 TCM"
"ATGATAACTTCACT-1","NK"
"ATGATATGAAACAG-1","CD4 TCM"
"ATGATATGACTGGT-1","CD4 TCM"
"ATGATATGAGCACT-1","CD4 Naive"
"ATGATATGGTCATG-1","CD4 Naive"
"ATGATATGGTGCTA-1","NK"
"ATGATATGTTGTCT-1","CD14 Mono"
"ATGCACGAATGTCG-1","B naive"
"ATGCACGACTGTAG-1","CD4 TCM"
"ATGCACGAGAACCT-1","B memory"
"ATGCACGAGTTCGA-1","CD4 Naive"
"ATGCACGATTGGTG-1","CD14 Mono"
"ATGCAGTGTTACCT-1","B naive"
"ATGCAGTGTTCTAC-1","CD4 TCM"
"ATGCCAGAACGACT-1","CD4 TCM"
"ATGCCAGACAGTCA-1","CD14 Mono"
"ATGCCGCTTGAACC-1","CD14 Mono"
"ATGCGATGCTATGG-1","CD14 Mono"
"ATGCGATGCTGAGT-1","CD4 TCM"
"ATGCGATGGTTACG-1","B memory"
"ATGCGCCTTCATTC-1","CD4 TCM"
"ATGCTTTGCGAATC-1","CD4 TCM"
"ATGCTTTGGGCGAA-1","CD8 TCM"
"ATGCTTTGTAGTCG-1","B naive"
"ATGGACACATCGGT-1","CD4 TCM"
"ATGGACACGCATCA-1","NK"
"ATGGGTACAACCTG-1","B naive"
"ATGGGTACATCGGT-1","NK"
"ATGGGTACTATTCC-1","CD4 TCM"
"ATGGGTACTGGGAG-1","CD4 TCM"
"ATGTAAACACCTCC-1","CD4 TCM"
"ATGTAAACCCGCTT-1","CD4 TCM"
"ATGTAAACGGGATG-1","cDC2"
"ATGTAAACTCTCCG-1","CD4 TCM"
"ATGTAAACTTCACT-1","CD14 Mono"
"ATGTACCTCAGTCA-1","CD4 TCM"
"ATGTACCTTAGTCG-1","CD4 TCM"
"ATGTACCTTTATCC-1","CD14 Mono"
"ATGTACCTTTCACT-1","CD8 TEM"
"ATGTCACTAATGCC-1","CD14 Mono"
"ATGTCACTCTGCTC-1","CD4 TCM"
"ATGTCGGAGGTGAG-1","CD4 TCM"
"ATGTTCACAGTCTG-1","CD14 Mono"
"ATGTTCACCGTAGT-1","CD4 TCM"
"ATGTTGCTTTCAGG-1","CD4 TCM"
"ATTAACGATGAGAA-1","NK"
"ATTAACGATGCAAC-1","CD8 TEM"
"ATTAAGACTGCAGT-1","CD4 TCM"
"ATTACCTGCCTTAT-1","CD14 Mono"
"ATTACCTGGAGGAC-1","CD16 Mono"
"ATTACCTGGGCATT-1","B intermediate"
"ATTAGATGTTTCAC-1","CD4 TCM"
"ATTATGGAATCTCT-1","CD4 TCM"
"ATTCAAGAACGGGA-1","CD8 Naive"
"ATTCAAGACCTTTA-1","CD4 TCM"
"ATTCAGCTCATTGG-1","Platelet"
"ATTCCAACCATTGG-1","CD14 Mono"
"ATTCCAACTTAGGC-1","NK"
"ATTCGACTCACTAG-1","CD4 TEM"
"ATTCGACTGAATAG-1","CD14 Mono"
"ATTCGACTTTTGTC-1","CD16 Mono"
"ATTCGGGAAAGGCG-1","CD14 Mono"
"ATTCGGGATTAGGC-1","CD4 TCM"
"ATTCTTCTGATACC-1","CD4 TEM"
"ATTGAATGGACGGA-1","CD4 TCM"
"ATTGATGAAGGTTC-1","CD4 TCM"
"ATTGATGACTGAGT-1","CD4 TCM"
"ATTGATGAGCGAAG-1","CD4 TCM"
"ATTGATGATCTATC-1","CD4 TCM"
"ATTGCACTGACGGA-1","CD8 Naive"
"ATTGCACTGAGAGC-1","CD16 Mono"
"ATTGCACTGGAGCA-1","CD14 Mono"
"ATTGCACTTAGCCA-1","CD4 TCM"
"ATTGCACTTGCTTT-1","CD16 Mono"
"ATTGCTTGTTACTC-1","B memory"
"ATTGGTCTGACTAC-1","B intermediate"
"ATTGGTCTTGTCTT-1","B naive"
"ATTGTAGATTCCCG-1","cDC2"
"ATTGTAGATTGCAG-1","CD4 TCM"
"ATTGTCTGCGTACA-1","CD4 TCM"
"ATTTAGGAACCATG-1","CD16 Mono"
"ATTTAGGACAGAGG-1","CD4 TCM"
"ATTTCCGAGATGAA-1","CD4 TCM"
"ATTTCCGAGTGCTA-1","CD4 TCM"
"ATTTCGTGTATGGC-1","CD8 TEM"
"ATTTCTCTACTTTC-1","CD16 Mono"
"ATTTCTCTAGCAAA-1","CD4 TCM"
"ATTTCTCTCACTTT-1","CD16 Mono"
"ATTTCTCTTCCCAC-1","CD4 TCM"
"ATTTGCACAAGATG-1","CD14 Mono"
"CAAAGCACAGCTCA-1","CD4 TCM"
"CAAAGCACCGTAAC-1","B naive"
"CAAAGCACGGTAAA-1","CD8 TEM"
"CAAAGCTGAAAGTG-1","CD8 TCM"
"CAAAGCTGTTGCTT-1","CD14 Mono"
"CAAATATGTGACAC-1","CD4 Naive"
"CAAATTGAGGGCAA-1","CD4 TCM"
"CAAATTGATGGAGG-1","CD14 Mono"
"CAACCAGAAAAGTG-1","CD8 Naive"
"CAACCAGAAGTGCT-1","CD4 TCM"
"CAACCAGAGTTCAG-1","CD14 Mono"
"CAACCAGATAGAAG-1","CD14 Mono"
"CAACCGCTGTTCAG-1","CD4 TCM"
"CAACCGCTTTGAGC-1","CD4 TCM"
"CAACGATGCGCAAT-1","CD16 Mono"
"CAACGTGACTCCAC-1","CD14 Mono"
"CAACGTGAGCCATA-1","CD8 TEM"
"CAACGTGATCAAGC-1","CD14 Mono"
"CAAGAAGACCACAA-1","CD8 TEM"
"CAAGAAGACGTCTC-1","CD14 Mono"
"CAAGAAGATTCTAC-1","CD4 TCM"
"CAAGACTGACCTGA-1","B naive"
"CAAGACTGAGTAGA-1","B naive"
"CAAGCTGACCATAG-1","CD16 Mono"
"CAAGCTGATCTATC-1","CD8 TEM"
"CAAGGACTGTTCAG-1","CD8 Naive"
"CAAGGACTTCTTTG-1","CD8 TEM"
"CAAGGTTGCTCCAC-1","CD4 TCM"
"CAAGGTTGTCATTC-1","B naive"
"CAAGGTTGTCTGGA-1","NK"
"CAAGTCGAAACAGA-1","B naive"
"CAAGTCGATAGCGT-1","CD14 Mono"
"CAATAAACGCCATA-1","CD14 Mono"
"CAATAATGAACTGC-1","CD14 Mono"
"CAATATGACATGGT-1","CD4 TCM"
"CAATATGACCTTCG-1","CD8 TEM"
"CAATATGACGTTAG-1","CD4 TCM"
"CAATATGAGGAGCA-1","CD4 TCM"
"CAATCGGAGAAACA-1","CD4 TCM"
"CAATCTACTGACTG-1","NK"
"CAATTCACCCAACA-1","CD8 TEM"
"CAATTCACGATAGA-1","CD4 TCM"
"CAATTCACTTGTGG-1","CD4 Naive"
"CAATTCTGCTTGTT-1","CD14 Mono"
"CAATTCTGGCGTAT-1","CD16 Mono"
"CACAACGATACGAC-1","CD8 Naive"
"CACAATCTTGTTCT-1","CD8 TEM"
"CACAATCTTTCCAT-1","MAIT"
"CACACCTGCTTGAG-1","CD4 TCM"
"CACACCTGTATGGC-1","CD4 TCM"
"CACAGAACCCTTGC-1","B naive"
"CACAGAACCTGATG-1","CD4 TCM"
"CACAGATGGGATTC-1","CD8 TCM"
"CACAGATGGTTTCT-1","CD14 Mono"
"CACAGCCTGATACC-1","CD4 TCM"
"CACAGCCTTGCCAA-1","CD16 Mono"
"CACAGCCTTGTAGC-1","CD4 TCM"
"CACAGTGATGAAGA-1","CD14 Mono"
"CACATACTACAGCT-1","CD8 TEM"
"CACATGGAACACGT-1","CD4 TCM"
"CACATGGAAGTCGT-1","CD4 TCM"
"CACCACTGCCAACA-1","CD4 TCM"
"CACCACTGGCGAAG-1","NK_CD56bright"
"CACCCATGTTCTGT-1","CD8 TCM"
"CACCGGGAATCGAC-1","CD4 TCM"
"CACCGGGACGAGAG-1","CD8 TEM"
"CACCGGGACGTGTA-1","CD4 TCM"
"CACCGGGACTTCTA-1","dnT"
"CACCGGGACTTGCC-1","CD8 TEM"
"CACCGGGATTCGGA-1","CD8 TEM"
"CACCGTACTAAGGA-1","B naive"
"CACCGTACTAGCGT-1","CD4 TCM"
"CACCTGACACCCAA-1","CD8 TEM"
"CACCTGACCAGAAA-1","CD4 TCM"
"CACCTGACCTCAAG-1","CD8 TEM"
"CACCTGACGAAAGT-1","B naive"
"CACCTGACTCGTAG-1","CD4 TCM"
"CACGAAACTTCCGC-1","B naive"
"CACGACCTCGATAC-1","B naive"
"CACGCTACAGAAGT-1","CD4 TCM"
"CACGCTACTGTTCT-1","B naive"
"CACGCTACTTGACG-1","CD14 Mono"
"CACGGGACAGAGTA-1","CD4 Naive"
"CACGGGACATAAGG-1","CD4 TCM"
"CACGGGACGTAGGG-1","CD4 TCM"
"CACGGGTGCTTCGC-1","CD8 TEM"
"CACGGGTGGAGGAC-1","NK"
"CACGGGTGTGTTTC-1","CD4 TCM"
"CACTAACTCCTAAG-1","B intermediate"
"CACTAACTGAAAGT-1","CD4 TCM"
"CACTAGGATGATGC-1","B naive"
"CACTATACCCCGTT-1","B intermediate"
"CACTATACGTTTGG-1","CD8 TEM"
"CACTGAGACAGTCA-1","CD14 Mono"
"CACTGCACTTCATC-1","CD4 TCM"
"CACTGCTGAGACTC-1","CD16 Mono"
"CACTGCTGGAAAGT-1","CD4 TCM"
"CACTTAACCGAATC-1","CD4 TCM"
"CACTTAACCGTACA-1","B naive"
"CACTTTGACTCTAT-1","CD8 TEM"
"CACTTTGAGCTGTA-1","CD8 TEM"
"CAGAAGCTCTCAAG-1","CD8 Naive"
"CAGACATGAACGGG-1","CD4 TCM"
"CAGACATGTCGACA-1","CD4 TCM"
"CAGACCCTAAGGTA-1","CD16 Mono"
"CAGACCCTAATGCC-1","CD4 TCM"
"CAGACCCTAGGAGC-1","CD4 Naive"
"CAGACTGAGTATGC-1","CD4 TCM"
"CAGATCGAATGTCG-1","B naive"
"CAGATCGACCTGAA-1","MAIT"
"CAGATCGATATGGC-1","CD4 TCM"
"CAGATGACATTCTC-1","NK"
"CAGCAATGCCTTCG-1","CD4 TCM"
"CAGCAATGGAGGGT-1","NK"
"CAGCAATGGTGCTA-1","CD4 TCM"
"CAGCAATGTCTACT-1","CD14 Mono"
"CAGCAATGTGACCA-1","CD4 TCM"
"CAGCAATGTGAGGG-1","CD14 Mono"
"CAGCACCTAAGCCT-1","CD4 TCM"
"CAGCACCTAGGCGA-1","CD4 TCM"
"CAGCACCTGTAGGG-1","CD14 Mono"
"CAGCATGACAACCA-1","CD14 Mono"
"CAGCATGAGACGTT-1","MAIT"
"CAGCCTACCCAACA-1","CD4 TCM"
"CAGCCTTGCTACCC-1","CD14 Mono"
"CAGCCTTGGGGACA-1","CD4 TCM"
"CAGCGGACACCCTC-1","CD4 TCM"
"CAGCGGACCTTTAC-1","NK"
"CAGCGTCTAAAGCA-1","CD4 TCM"
"CAGCGTCTTATCGG-1","CD4 TCM"
"CAGCTAGATGTGAC-1","CD14 Mono"
"CAGCTCTGAGGCGA-1","CD4 TCM"
"CAGCTCTGCAAGCT-1","CD8 TEM"
"CAGCTCTGTCGTAG-1","CD14 Mono"
"CAGCTCTGTGTGGT-1","NK"
"CAGGAACTAACTGC-1","CD8 TEM"
"CAGGAACTCTCAGA-1","CD14 Mono"
"CAGGCCGAACACCA-1","CD4 TCM"
"CAGGCCGAACACGT-1","CD4 TCM"
"CAGGCCGAACGACT-1","CD4 TCM"
"CAGGCCGAATCTCT-1","CD16 Mono"
"CAGGCCGACTAGCA-1","B naive"
"CAGGGCACCATACG-1","B naive"
"CAGGGCACCCAACA-1","CD4 TCM"
"CAGGGCACTCCCGT-1","CD4 TCM"
"CAGGTAACAGACTC-1","CD16 Mono"
"CAGGTATGAGTCGT-1","CD4 TCM"
"CAGGTATGTGCTTT-1","CD4 TCM"
"CAGGTTGAGGATCT-1","B intermediate"
"CAGTGATGGACGGA-1","B naive"
"CAGTGATGGCTAAC-1","CD8 TEM"
"CAGTGATGGGACAG-1","CD4 TCM"
"CAGTGATGTAAGGA-1","B naive"
"CAGTGATGTACGCA-1","B memory"
"CAGTGTGAACACGT-1","CD8 TEM"
"CAGTGTGATGTCAG-1","CD4 Naive"
"CAGTTACTAAGGTA-1","B memory"
"CAGTTACTGATAGA-1","CD4 TCM"
"CAGTTGGAAAGAGT-1","CD14 Mono"
"CAGTTGGACATACG-1","CD4 Naive"
"CAGTTTACACACGT-1","NK"
"CAGTTTACCCCAAA-1","CD8 Naive"
"CATAAAACGGAGCA-1","CD14 Mono"
"CATAAATGAACTGC-1","CD4 TCM"
"CATAACCTTCTCCG-1","CD4 TCM"
"CATACTACCTCGAA-1","CD4 TCM"
"CATACTACCTGAAC-1","CD4 TCM"
"CATACTACGTACCA-1","CD14 Mono"
"CATACTTGGGTTAC-1","CD16 Mono"
"CATAGTCTAATCGC-1","CD4 TCM"
"CATAGTCTCACTTT-1","CD4 TCM"
"CATATAGACTAAGC-1","cDC2"
"CATATAGATCAGGT-1","B naive"
"CATCAACTAGAAGT-1","CD4 TCM"
"CATCAACTCCCTCA-1","CD4 TCM"
"CATCAGGACTTCCG-1","NK"
"CATCAGGATAGCCA-1","NK"
"CATCAGGATCCTAT-1","CD16 Mono"
"CATCAGGATGCACA-1","CD16 Mono"
"CATCAGGATTTCGT-1","CD14 Mono"
"CATCATACCGCATA-1","CD14 Mono"
"CATCATACGGAGCA-1","B naive"
"CATCATACTCAAGC-1","CD8 Naive"
"CATCGCTGGGATCT-1","CD4 TCM"
"CATCGCTGTGGCAT-1","B naive"
"CATCGGCTATGCTG-1","CD4 TCM"
"CATCGGCTTTGGCA-1","CD4 TCM"
"CATCTCCTATGTGC-1","B naive"
"CATCTCCTCGAACT-1","CD14 Mono"
"CATGAGACACGGGA-1","B naive"
"CATGAGACGTTGAC-1","NK"
"CATGAGACTCGCCT-1","CD4 TCM"
"CATGCCACGGGTGA-1","CD8 TCM"
"CATGCCACTGCCAA-1","CD4 TCM"
"CATGCGCTAGTCAC-1","CD16 Mono"
"CATGCGCTCAGATC-1","CD14 Mono"
"CATGCGCTTTGCAG-1","CD16 Mono"
"CATGGCCTAGGGTG-1","CD14 Mono"
"CATGGCCTGTGCAT-1","CD8 Naive"
"CATGTACTATCGTG-1","CD8 TEM"
"CATGTTACAGTCGT-1","MAIT"
"CATGTTACCTGAGT-1","CD8 TCM"
"CATGTTTGGGGATG-1","CD14 Mono"
"CATTACACACGGAG-1","B naive"
"CATTACACCAACTG-1","NK"
"CATTACACGGAGTG-1","CD4 TCM"
"CATTACACTACTCT-1","CD8 Naive"
"CATTAGCTCCACAA-1","CD14 Mono"
"CATTGACTAGCGGA-1","CD14 Mono"
"CATTGGGACTCGAA-1","CD4 TCM"
"CATTGTACAGCGTT-1","CD8 Naive"
"CATTGTACTCGATG-1","B naive"
"CATTGTACTTATCC-1","CD4 TCM"
"CATTGTACTTTGCT-1","CD16 Mono"
"CATTGTTGCTAGTG-1","CD4 TCM"
"CATTTCGACTCTAT-1","CD8 TEM"
"CATTTCGAGATACC-1","NK"
"CATTTGACCACACA-1","CD8 TEM"
"CATTTGACCCTGAA-1","CD8 TEM"
"CATTTGTGACGACT-1","B memory"
"CATTTGTGCATTGG-1","CD4 Naive"
"CATTTGTGCGGAGA-1","CD8 Naive"
"CATTTGTGGGATCT-1","B naive"
"CCAAAGTGCTACGA-1","CD14 Mono"
"CCAAAGTGTGAGAA-1","CD14 Mono"
"CCAACCTGAAGTAG-1","CD8 TEM"
"CCAACCTGACGTAC-1","CD14 Mono"
"CCAACCTGTTCGCC-1","CD14 Mono"
"CCAAGAACCCAATG-1","CD4 TCM"
"CCAAGAACGTAGCT-1","CD4 TCM"
"CCAAGAACGTGTCA-1","CD4 TCM"
"CCAAGAACTACTGG-1","CD8 TEM"
"CCAAGAACTCCTAT-1","B memory"
"CCAAGATGTCATTC-1","CD4 TCM"
"CCAAGATGTTTCAC-1","CD4 TCM"
"CCAAGTGAGGAACG-1","CD8 Naive"
"CCAAGTGATCAAGC-1","CD4 TCM"
"CCAATGGAACAGCT-1","CD14 Mono"
"CCAATTTGAACGTC-1","CD14 Mono"
"CCACCATGAACGTC-1","CD4 Naive"
"CCACCATGATCGGT-1","CD4 TCM"
"CCACCATGGACGAG-1","CD16 Mono"
"CCACCATGGGGAGT-1","CD4 TCM"
"CCACCATGTCCTGC-1","CD8 TEM"
"CCACTGACCCGCTT-1","CD14 Mono"
"CCACTGTGGGAAGC-1","CD14 Mono"
"CCACTGTGTGTAGC-1","CD4 TCM"
"CCACTTCTCGGGAA-1","CD14 Mono"
"CCAGAAACCCTGTC-1","B naive"
"CCAGAAACGAACTC-1","CD4 TCM"
"CCAGAAACGGTCTA-1","CD4 TCM"
"CCAGACCTCTGAGT-1","B naive"
"CCAGACCTTGTGGT-1","CD4 TCM"
"CCAGCACTGCGATT-1","CD16 Mono"
"CCAGCGGAAAGGCG-1","CD14 Mono"
"CCAGCGGACGACTA-1","CD14 Mono"
"CCAGCGGATGGGAG-1","CD4 TCM"
"CCAGCTACACAGTC-1","CD4 TCM"
"CCAGCTACCAGCTA-1","B intermediate"
"CCAGGTCTACACCA-1","B naive"
"CCAGGTCTAGCATC-1","CD14 Mono"
"CCAGGTCTATGGTC-1","CD4 TCM"
"CCAGTCACACTGGT-1","CD14 Mono"
"CCAGTCACACTGTG-1","B naive"
"CCAGTCACGTTGTG-1","CD8 Naive"
"CCAGTCTGCGGAGA-1","CD4 Proliferating"
"CCAGTGCTAACCAC-1","CD4 TCM"
"CCAGTGCTCGTAGT-1","CD4 TCM"
"CCATCCGAAAGCAA-1","CD8 TCM"
"CCATCCGAACGACT-1","CD8 TCM"
"CCATCCGAAGGTTC-1","B naive"
"CCATCCGATTCGCC-1","CD14 Mono"
"CCATCGTGAACGGG-1","CD4 TCM"
"CCATCGTGCTAGAC-1","CD16 Mono"
"CCCAACACCTCGCT-1","B memory"
"CCCAACACGCATCA-1","CD4 TCM"
"CCCAACACTTTGTC-1","CD14 Mono"
"CCCAACTGCAATCG-1","CD14 Mono"
"CCCAGACTGCCTTC-1","CD14 Mono"
"CCCAGACTGGTTTG-1","B intermediate"
"CCCAGACTTTCGCC-1","CD16 Mono"
"CCCAGTTGCAGTTG-1","CD14 Mono"
"CCCAGTTGGGTACT-1","CD4 TEM"
"CCCAGTTGTCTATC-1","B naive"
"CCCGATTGTGTTTC-1","CD8 TCM"
"CCCGGAGAAGGGTG-1","CD14 Mono"
"CCCTACGAATTGGC-1","CD14 Mono"
"CCCTAGTGCAAAGA-1","CD4 TCM"
"CCCTCAGACACTTT-1","B naive"
"CCCTCAGACGAGAG-1","CD4 TCM"
"CCCTCAGAGGTCAT-1","CD4 TCM"
"CCCTGAACTAAAGG-1","B memory"
"CCCTGATGCAACCA-1","CD4 TCM"
"CCCTGATGCAAGCT-1","B naive"
"CCCTTACTAACCAC-1","CD14 Mono"
"CCCTTACTGCAGTT-1","MAIT"
"CCGAAAACCTTGTT-1","CD16 Mono"
"CCGACACTGGTTTG-1","CD4 TCM"
"CCGACTACCCAGTA-1","CD14 Mono"
"CCGACTACCGTGTA-1","CD4 TCM"
"CCGACTACTGAGGG-1","CD8 TCM"
"CCGATAGACCTAAG-1","CD4 Naive"
"CCGATAGAGTTGGT-1","CD14 Mono"
"CCGCGAGACACACA-1","CD14 Mono"
"CCGCGAGAGGTTCA-1","MAIT"
"CCGCTATGGGACGA-1","B naive"
"CCGCTATGTGCAAC-1","CD14 Mono"
"CCGCTATGTGCACA-1","CD14 Mono"
"CCGGTACTGTCCTC-1","CD8 Naive"
"CCGTACACAAGCAA-1","CD4 TCM"
"CCGTACACAGCGTT-1","B naive"
"CCGTACACGTCATG-1","CD8 TEM"
"CCGTACACGTTGGT-1","CD14 Mono"
"CCGTACACTAACGC-1","MAIT"
"CCTAAACTTTCGTT-1","CD4 TCM"
"CCTAAGGACCCAAA-1","CD4 TCM"
"CCTAAGGACTAGCA-1","CD14 Mono"
"CCTAAGGAGGGCAA-1","MAIT"
"CCTAAGGATGATGC-1","CD4 TCM"
"CCTAAGGATGTCAG-1","CD4 TCM"
"CCTACCGACTCTTA-1","CD4 TCM"
"CCTACCGAGGGATG-1","B memory"
"CCTAGAGAGGTGAG-1","B naive"
"CCTATAACCAAAGA-1","CD8 Naive"
"CCTATAACGAGACG-1","CD16 Mono"
"CCTATAACTCAGAC-1","CD4 TCM"
"CCTATAACTGCATG-1","CD16 Mono"
"CCTCGAACACTTTC-1","NK"
"CCTCGAACCCGTAA-1","CD16 Mono"
"CCTCGAACGTATCG-1","CD4 TCM"
"CCTCGAACTTACTC-1","CD4 TCM"
"CCTCTACTCTTCGC-1","CD14 Mono"
"CCTCTACTGGCATT-1","CD4 Naive"
"CCTGACTGAAGTAG-1","MAIT"
"CCTGACTGGGGAGT-1","CD8 Naive"
"CCTGACTGTGTCTT-1","B naive"
"CCTGCAACACGTTG-1","CD14 Mono"
"CCTGGACTCGTGAT-1","CD4 TCM"
"CCTTAATGCCCAAA-1","B naive"
"CCTTAATGTTCTAC-1","CD16 Mono"
"CCTTCACTACGACT-1","CD4 TCM"
"CCTTCACTCAGTCA-1","B memory"
"CCTTCACTGGAGTG-1","CD14 Mono"
"CCTTTAGATTCATC-1","CD14 Mono"
"CGAACATGCCCTAC-1","CD16 Mono"
"CGAACATGTCAGAC-1","CD4 TCM"
"CGAAGACTGGAACG-1","MAIT"
"CGAAGACTGTTACG-1","CD4 TCM"
"CGAAGGGAAACCTG-1","CD8 TEM"
"CGAAGGGATCCGAA-1","B memory"
"CGAAGTACCAACTG-1","B naive"
"CGAATCGAGGAGCA-1","CD14 Mono"
"CGAATCGAGGAGGT-1","CD4 TCM"
"CGACAAACCCATAG-1","CD4 TCM"
"CGACAAACCGACAT-1","B memory"
"CGACCACTAAAGTG-1","NK"
"CGACCACTGCCAAT-1","NK"
"CGACCGGAAGGTCT-1","CD4 TCM"
"CGACCGGATGGAAA-1","CD4 TCM"
"CGACCTTGCTAGTG-1","CD4 TCM"
"CGACCTTGGCAAGG-1","CD4 TCM"
"CGACGTCTATCGTG-1","MAIT"
"CGACGTCTCGTGTA-1","CD4 TCM"
"CGACGTCTGAGGCA-1","CD4 TCM"
"CGACTCACGTCGTA-1","CD4 TCM"
"CGACTCACGTTGCA-1","CD8 TCM"
"CGACTCTGTGTGAC-1","CD4 TCM"
"CGACTGCTTCCTCG-1","CD14 Mono"
"CGAGAACTAAGGCG-1","CD8 TEM"
"CGAGAACTACGTTG-1","CD4 TCM"
"CGAGAACTTGTTCT-1","CD14 Mono"
"CGAGATTGGACACT-1","CD8 TEM"
"CGAGATTGGCCATA-1","CD8 TEM"
"CGAGCCGAACACCA-1","CD4 TCM"
"CGAGCCGACGACAT-1","MAIT"
"CGAGCCGAGGCGAA-1","CD4 TCM"
"CGAGCGTGCTCCAC-1","CD8 TCM"
"CGAGCGTGGATACC-1","CD4 TCM"
"CGAGCGTGTATGCG-1","CD14 Mono"
"CGAGGAGACCTCCA-1","B naive"
"CGAGGAGATGTCGA-1","CD4 TCM"
"CGAGGCACCTATGG-1","CD8 TEM"
"CGAGGCACTATGCG-1","CD14 Mono"
"CGAGGCACTCTTCA-1","MAIT"
"CGAGGCTGACGCTA-1","NK"
"CGAGGCTGGCAGTT-1","CD14 Mono"
"CGAGGGCTACGACT-1","B naive"
"CGAGGGCTCGAATC-1","CD8 TCM"
"CGAGTATGTCACCC-1","CD16 Mono"
"CGATACGAACAGTC-1","CD14 Mono"
"CGATACGACAGGAG-1","CD4 Proliferating"
"CGATACGATTCACT-1","B naive"
"CGATAGACCCGTAA-1","CD14 Mono"
"CGATAGACCGTACA-1","CD4 TCM"
"CGATAGACGTAGGG-1","CD14 Mono"
"CGATAGACTGTTCT-1","CD4 TCM"
"CGATCAGAAGAACA-1","CD8 TEM"
"CGATCAGAGAGGGT-1","CD4 TCM"
"CGATCAGAGGTACT-1","CD4 TCM"
"CGATCAGATGTGAC-1","cDC2"
"CGATCCACCGGGAA-1","MAIT"
"CGATCCACTTCCAT-1","B naive"
"CGCAAATGCTCGAA-1","CD4 TCM"
"CGCAACCTCCTTGC-1","CD4 TCM"
"CGCAACCTGGACGA-1","CD4 TCM"
"CGCACGGAGGACGA-1","B naive"
"CGCACGGATCTTTG-1","CD8 Naive"
"CGCACTACAGAATG-1","CD4 TCM"
"CGCACTACAGCCAT-1","CD4 TCM"
"CGCACTACATTGGC-1","CD4 TCM"
"CGCACTACTCGCCT-1","B naive"
"CGCACTACTCGTGA-1","CD8 TEM"
"CGCACTTGTCACGA-1","CD14 Mono"
"CGCAGGACAGATCC-1","CD8 TEM"
"CGCAGGACCTACTT-1","CD4 TCM"
"CGCAGGACTTGTCT-1","CD16 Mono"
"CGCAGGTGCACTGA-1","CD4 TCM"
"CGCAGGTGCCATAG-1","CD16 Mono"
"CGCAGGTGGGAACG-1","CD4 TCM"
"CGCATAGATCACGA-1","CD14 Mono"
"CGCCATACTGCAAC-1","CD4 TCM"
"CGCCATTGAGAGGC-1","CD4 Naive"
"CGCCATTGCTATGG-1","CD4 TCM"
"CGCCATTGGAGACG-1","CD4 TCM"
"CGCCATTGGAGCAG-1","B naive"
"CGCCATTGTACTGG-1","B naive"
"CGCCGAGAGCTTAG-1","NK"
"CGCCTAACGAATGA-1","cDC2"
"CGCCTAACTGCTCC-1","CD4 TCM"
"CGCGAGACACAGCT-1","CD8 TEM"
"CGCGAGACAGGTCT-1","B intermediate"
"CGCGAGACGCTACA-1","CD8 TCM"
"CGCGATCTCAGTCA-1","CD14 Mono"
"CGCGATCTGTTGAC-1","CD14 Mono"
"CGCGATCTTTCTTG-1","B memory"
"CGCGGATGGCCAAT-1","CD4 TCM"
"CGCTAAGAATGTCG-1","CD4 TCM"
"CGCTAAGACAACTG-1","CD4 TCM"
"CGCTAAGACCCTTG-1","CD4 TCM"
"CGCTACTGAACAGA-1","CD14 Mono"
"CGCTACTGAGAACA-1","CD4 TCM"
"CGCTACTGTGAGCT-1","CD4 TCM"
"CGCTACTGTTCCCG-1","CD8 TEM"
"CGCTCATGCATTTC-1","CD14 Mono"
"CGGAATTGCACTAG-1","dnT"
"CGGAATTGGTTTGG-1","CD4 TCM"
"CGGAATTGTGGAGG-1","CD4 TCM"
"CGGACCGATGCGTA-1","CD8 TEM"
"CGGACCGATGGGAG-1","CD4 TCM"
"CGGACTCTAAACAG-1","B naive"
"CGGACTCTCCAATG-1","CD4 TCM"
"CGGACTCTCCTCGT-1","CD8 TEM"
"CGGAGGCTATTCCT-1","CD4 TCM"
"CGGAGGCTTGGATC-1","CD8 Naive"
"CGGATAACAACGAA-1","CD14 Mono"
"CGGATAACAGCTCA-1","CD4 TCM"
"CGGATAACTCAGTG-1","CD14 Mono"
"CGGCACGAACTCAG-1","MAIT"
"CGGCACGAAGGGTG-1","CD4 TCM"
"CGGCACGACTACGA-1","CD16 Mono"
"CGGCATCTTAGAAG-1","CD4 TEM"
"CGGCATCTTCGTAG-1","CD14 Mono"
"CGGCCAGAAAGGTA-1","CD4 TCM"
"CGGCCAGAGAGGCA-1","CD8 TEM"
"CGGCGAACCAGTCA-1","CD16 Mono"
"CGGCGAACGACAAA-1","NK"
"CGGCGAACGGTCTA-1","CD4 TCM"
"CGGCGAACTACTTC-1","NK"
"CGGGACTGCGTGTA-1","CD4 TCM"
"CGGGACTGGAATAG-1","CD8 TEM"
"CGGGCATGACCCAA-1","CD8 TEM"
"CGGGCATGTCTCTA-1","NK_CD56bright"
"CGGGCATGTTGTGG-1","CD4 TCM"
"CGGTAAACTCGCAA-1","CD8 TCM"
"CGGTCACTGTTTGG-1","CD4 TCM"
"CGGTCACTTACTTC-1","CD4 TCM"
"CGTAACGAATCAGC-1","CD4 TCM"
"CGTAACGATCGCCT-1","CD4 TCM"
"CGTACCACACACAC-1","CD4 TCM"
"CGTACCACACGTTG-1","CD4 TCM"
"CGTACCACCTCATT-1","CD4 TCM"
"CGTACCACGCTACA-1","CD4 TEM"
"CGTACCACGGAGCA-1","CD4 TCM"
"CGTACCTGGACGAG-1","CD16 Mono"
"CGTACCTGGCATCA-1","NK"
"CGTAGCCTCTCTCG-1","CD14 Mono"
"CGTAGCCTGCGAAG-1","CD4 TCM"
"CGTAGCCTGTATGC-1","CD14 Mono"
"CGTCAAGAAAGGTA-1","CD14 Mono"
"CGTCAAGAACGTGT-1","CD4 TCM"
"CGTCAAGACAGAGG-1","CD4 TCM"
"CGTCAAGACAGGAG-1","CD8 TEM"
"CGTCCATGCTCTTA-1","CD4 TCM"
"CGTCGACTTTCCGC-1","MAIT"
"CGTGATGACGCTAA-1","CD4 TCM"
"CGTGATGAGGTTCA-1","CD8 TCM"
"CGTGCACTTATGGC-1","CD14 Mono"
"CGTGTAGAAAAACG-1","CD4 TCM"
"CGTGTAGACGATAC-1","NK_CD56bright"
"CGTGTAGAGTTACG-1","NK"
"CGTGTAGAGTTCAG-1","CD14 Mono"
"CGTGTAGATTCGGA-1","NK"
"CGTTAGGAAACCAC-1","CD4 TCM"
"CGTTAGGATCATTC-1","CD14 Mono"
"CGTTATACCCTGAA-1","CD8 TEM"
"CGTTTAACTGGTCA-1","CD4 TCM"
"CTAAACCTCTGACA-1","NK"
"CTAAACCTGTGCAT-1","B intermediate"
"CTAACACTAACGTC-1","CD4 TCM"
"CTAACACTAGTGCT-1","CD14 Mono"
"CTAACGGAACCGAT-1","NK"
"CTAACGGATTTCTG-1","CD4 TCM"
"CTAACTACGGCAAG-1","CD8 TEM"
"CTAAGGACACCATG-1","CD4 TCM"
"CTAAGGACCGTTAG-1","CD4 TCM"
"CTAAGGACGCCATA-1","CD14 Mono"
"CTAAGGTGCCTAAG-1","B naive"
"CTAAGGTGTTGCAG-1","CD4 TCM"
"CTAAGGTGTTTCTG-1","CD8 TCM"
"CTAATAGAGCTATG-1","CD8 Naive"
"CTAATGCTTGTGGT-1","CD14 Mono"
"CTACAACTCCCGTT-1","CD8 TEM"
"CTACCTCTCAACCA-1","CD4 TEM"
"CTACGCACACCTAG-1","CD16 Mono"
"CTACGCACTCTCCG-1","CD4 TCM"
"CTACGCACTGGTCA-1","NK"
"CTACGGCTTTCTTG-1","CD14 Mono"
"CTACTATGAACCAC-1","CD14 Mono"
"CTACTATGATGTGC-1","CD14 Mono"
"CTACTATGCTAAGC-1","CD8 TCM"
"CTACTATGTAAAGG-1","B naive"
"CTACTCCTATGTCG-1","NK"
"CTACTCCTGCCATA-1","CD14 Mono"
"CTAGAGACACTTTC-1","CD4 TCM"
"CTAGAGACAGCATC-1","CD8 TEM"
"CTAGAGACTTTGGG-1","CD16 Mono"
"CTAGATCTCTCTAT-1","CD4 TCM"
"CTAGATCTTCGACA-1","CD4 TCM"
"CTAGGATGAGCCTA-1","Plasmablast"
"CTAGGATGATCGTG-1","B memory"
"CTAGGCCTCTCAGA-1","CD4 TCM"
"CTAGGTGATGGTTG-1","CD16 Mono"
"CTAGTTACCAGAGG-1","CD4 TCM"
"CTAGTTACCGCATA-1","CD4 TCM"
"CTAGTTACGAAACA-1","NK"
"CTAGTTTGAGTACC-1","CD8 TEM"
"CTATAAGATCGTTT-1","B memory"
"CTATACTGAGGTTC-1","CD14 Mono"
"CTATACTGCCAGTA-1","CD4 Naive"
"CTATACTGCGCTAA-1","CD14 Mono"
"CTATACTGCTACGA-1","NK"
"CTATACTGTCTCAT-1","NK"
"CTATACTGTTCGTT-1","HSPC"
"CTATAGCTGTCACA-1","CD4 TCM"
"CTATAGCTTCGCTC-1","CD14 Mono"
"CTATAGCTTGCCTC-1","CD14 Mono"
"CTATCAACGAACTC-1","CD4 TCM"
"CTATCAACGCAGAG-1","CD4 TCM"
"CTATCAACTTTGGG-1","CD8 Naive"
"CTATCCCTCCACCT-1","CD14 Mono"
"CTATGTACGAGAGC-1","CD4 TCM"
"CTATGTACGCTTAG-1","CD4 TCM"
"CTATGTACTGTTTC-1","B naive"
"CTATGTTGAAAGCA-1","CD4 TCM"
"CTATGTTGTCCTCG-1","CD4 TCM"
"CTATGTTGTCTCGC-1","CD4 TCM"
"CTATTGACAAACGA-1","CD14 Mono"
"CTATTGACACTGGT-1","CD16 Mono"
"CTATTGACGGTGAG-1","CD16 Mono"
"CTATTGTGGCAAGG-1","CD4 TCM"
"CTCAATTGGTTCAG-1","CD4 TCM"
"CTCAATTGGTTGCA-1","CD14 Mono"
"CTCAGAGATAGAAG-1","CD4 TCM"
"CTCAGCACTCTAGG-1","CD4 TCM"
"CTCAGCACTGAACC-1","CD14 Mono"
"CTCAGCACTTGCAG-1","CD4 Naive"
"CTCAGCTGAACCTG-1","CD14 Mono"
"CTCAGCTGCAGTTG-1","CD8 TCM"
"CTCAGCTGTTTCTG-1","CD4 TEM"
"CTCAGGCTCGTTGA-1","CD16 Mono"
"CTCAGGCTGCTAAC-1","CD4 TEM"
"CTCATTGACCTTAT-1","CD4 TCM"
"CTCATTGATGCTTT-1","CD16 Mono"
"CTCATTGATTGCTT-1","CD14 Mono"
"CTCCACGAGAGATA-1","cDC2"
"CTCCATCTCTTAGG-1","CD4 TCM"
"CTCCATCTGACGAG-1","CD4 TCM"
"CTCCGAACAAGTGA-1","CD16 Mono"
"CTCCTACTGCCTTC-1","CD14 Mono"
"CTCGAAGATGTGGT-1","CD8 Naive"
"CTCGAAGATTAGGC-1","CD14 Mono"
"CTCGACTGCTCTAT-1","CD4 TCM"
"CTCGACTGGGTGAG-1","CD4 TCM"
"CTCGACTGGTTGAC-1","NK"
"CTCGAGCTCTGGAT-1","CD8 TEM"
"CTCGCATGACTTTC-1","CD8 TCM"
"CTCGCATGCTTAGG-1","CD4 TCM"
"CTCTAAACCTCGAA-1","CD4 TCM"
"CTCTAAACGGCGAA-1","CD4 Naive"
"CTCTAATGTCCAAG-1","CD14 Mono"
"CTGAACGACAGTCA-1","CD4 TCM"
"CTGAACGATGAGGG-1","CD4 TCM"
"CTGAAGACCCAACA-1","CD4 TCM"
"CTGAAGACGTGCAT-1","B naive"
"CTGAAGTGAAGCCT-1","CD16 Mono"
"CTGAAGTGCAGCTA-1","B naive"
"CTGAAGTGGCTATG-1","CD4 TCM"
"CTGAAGTGTCCAGA-1","CD4 TCM"
"CTGAATCTGAATAG-1","CD4 TCM"
"CTGACAGAATCGTG-1","CD8 TEM"
"CTGACCACAGCAAA-1","CD4 TCM"
"CTGAGAACCGGGAA-1","CD4 TCM"
"CTGAGAACGTAAAG-1","NK"
"CTGATACTAGTAGA-1","CD4 TCM"
"CTGATTTGGTGTTG-1","CD14 Mono"
"CTGCAGCTAACCGT-1","CD8 Naive"
"CTGCAGCTGACACT-1","CD4 TCM"
"CTGCAGCTGGATTC-1","CD16 Mono"
"CTGCAGCTTGGCAT-1","MAIT"
"CTGCCAACAGGAGC-1","CD8 TCM"
"CTGCCAACCAGCTA-1","CD4 TCM"
"CTGCCAACTAACCG-1","CD16 Mono"
"CTGCCAACTGCTCC-1","CD8 TEM"
"CTGCCAACTTGCAG-1","CD4 TCM"
"CTGCCAACTTGCTT-1","CD8 TEM"
"CTGCGACTCCACCT-1","CD8 TEM"
"CTGGAAACAAACGA-1","CD8 TEM"
"CTGGAAACATCGAC-1","CD4 TCM"
"CTGGATGACTGGAT-1","CD8 TEM"
"CTGGATGACTTGTT-1","CD4 TCM"
"CTGGATGATGTGAC-1","B memory"
"CTGGCACTCAAGCT-1","CD14 Mono"
"CTGGCACTGGACAG-1","MAIT"
"CTGTAACTAACCAC-1","CD4 TEM"
"CTGTAACTAGCGTT-1","CD4 TCM"
"CTGTATACGTAAAG-1","CD8 TCM"
"CTGTATACGTACGT-1","CD14 Mono"
"CTGTATACGTTGGT-1","CD4 TCM"
"CTGTGAGACAACCA-1","CD16 Mono"
"CTGTGAGACCTTGC-1","CD8 TEM"
"CTGTGAGACGAACT-1","CD14 Mono"
"CTGTGAGACTGTAG-1","CD14 Mono"
"CTTAAAGAACCTGA-1","CD4 TCM"
"CTTAACACCTGTAG-1","CD4 TCM"
"CTTAACACGAGCTT-1","CD4 TCM"
"CTTAACACTATCGG-1","B naive"
"CTTAAGCTACCTAG-1","CD4 TCM"
"CTTAAGCTAGTACC-1","CD8 TCM"
"CTTAAGCTCATCAG-1","CD4 TCM"
"CTTAAGCTCCGCTT-1","B memory"
"CTTAAGCTTCCTCG-1","CD8 TEM"
"CTTACAACTAACGC-1","CD4 TCM"
"CTTACAACTCCCGT-1","CD14 Mono"
"CTTACTGACGTACA-1","CD4 TCM"
"CTTAGACTAAACGA-1","CD4 TCM"
"CTTAGGGACTTGCC-1","CD4 TCM"
"CTTAGGGAGAATCC-1","CD4 Naive"
"CTTATCGACTCATT-1","CD4 TCM"
"CTTCACCTACCTGA-1","CD16 Mono"
"CTTCATGAAGCATC-1","B naive"
"CTTCATGAAGTACC-1","CD4 TCM"
"CTTCATGACCGAAT-1","MAIT"
"CTTGAACTACGCAT-1","CD4 TCM"
"CTTGATTGAGGTTC-1","CD8 TEM"
"CTTGATTGATCTTC-1","CD14 Mono"
"CTTGATTGCATTCT-1","CD4 TCM"
"CTTGATTGTTTCGT-1","CD4 TCM"
"CTTGTATGACACCA-1","B naive"
"CTTGTATGCGCAAT-1","B naive"
"CTTTACGAGCGAAG-1","CD4 TCM"
"CTTTAGACCGTGAT-1","CD4 Naive"
"CTTTAGACGAGACG-1","CD4 TCM"
"CTTTAGACGATACC-1","CD4 TEM"
"CTTTAGACGTTGGT-1","CD8 TCM"
"CTTTAGACTCATTC-1","CD8 TEM"
"CTTTAGTGACGGGA-1","NK"
"CTTTAGTGGGTGGA-1","CD4 TCM"
"CTTTCAGAGAAACA-1","CD4 TCM"
"CTTTGATGAGCACT-1","CD4 TCM"
"CTTTGATGTCTAGG-1","MAIT"
"CTTTGATGTGTCCC-1","CD4 TCM"
"CTTTGATGTGTGGT-1","CD4 TCM"
"GAAACAGAACTACG-1","CD4 TCM"
"GAAACAGAATCACG-1","CD4 TCM"
"GAAACAGACATTCT-1","CD4 TCM"
"GAAACCTGATCGTG-1","CD8 Naive"
"GAAACCTGATGCCA-1","CD4 TCM"
"GAAACCTGCTTATC-1","CD4 TCM"
"GAAACCTGGACTAC-1","CD16 Mono"
"GAAACCTGTGCTAG-1","CD4 TCM"
"GAAAGATGATTTCC-1","CD4 TCM"
"GAAAGATGCTGATG-1","CD16 Mono"
"GAAAGATGCTTCGC-1","CD14 Mono"
"GAAAGATGTAAGGA-1","CD4 TCM"
"GAAAGATGTTTGCT-1","MAIT"
"GAAAGCCTACGTTG-1","B naive"
"GAAAGTGAAAGTGA-1","cDC2"
"GAAAGTGACCACAA-1","CD14 Mono"
"GAAAGTGACTCAAG-1","CD4 TCM"
"GAAATACTACCAAC-1","CD14 Mono"
"GAAATACTCTTAGG-1","B naive"
"GAAATACTTCCTCG-1","CD4 TCM"
"GAACACACGTGCAT-1","CD14 Mono"
"GAACACACTGCCTC-1","CD4 TCM"
"GAACAGCTAACTGC-1","CD14 Mono"
"GAACAGCTCTCAGA-1","CD16 Mono"
"GAACCAACCACAAC-1","CD8 TCM"
"GAACCAACTTCCGC-1","NK"
"GAACCTGAACGTGT-1","CD4 TEM"
"GAACCTGAGAGACG-1","CD4 TCM"
"GAACCTGATGAACC-1","CD4 TCM"
"GAACGGGATACTTC-1","CD4 TCM"
"GAACGTTGACGGAG-1","CD8 TEM"
"GAACTGTGACCTGA-1","CD16 Mono"
"GAACTGTGCCAGTA-1","CD14 Mono"
"GAAGAATGCAATCG-1","CD8 Naive"
"GAAGCGGACCTATT-1","CD14 Mono"
"GAAGCTACGAATGA-1","CD14 Mono"
"GAAGCTACGGTTTG-1","CD4 TCM"
"GAAGGGTGAAAGTG-1","CD4 TCM"
"GAAGGGTGCTTAGG-1","CD14 Mono"
"GAAGGTCTGAAAGT-1","CD4 TCM"
"GAAGGTCTGTTGCA-1","CD8 Naive"
"GAAGGTCTTAAAGG-1","cDC2"
"GAAGTAGACTCCCA-1","CD8 TEM"
"GAAGTAGATCCAAG-1","CD16 Mono"
"GAAGTCACCCTCGT-1","CD14 Mono"
"GAAGTCACCCTGTC-1","B naive"
"GAAGTCTGTCGCAA-1","B naive"
"GAAGTCTGTTCTGT-1","CD4 TCM"
"GAAGTGCTAAACGA-1","NK"
"GAAGTGCTCCGCTT-1","CD14 Mono"
"GAAGTGCTTAACCG-1","CD4 TCM"
"GAATGCACCCTAAG-1","CD4 TCM"
"GAATGCACCTTCGC-1","NK"
"GAATGCTGCGGTAT-1","CD8 Naive"
"GAATGGCTAAGATG-1","CD4 TCM"
"GAATTAACGATAAG-1","CD4 TCM"
"GAATTAACGGTCAT-1","CD4 TCM"
"GAATTAACGTCGTA-1","NK"
"GAATTAACTGAAGA-1","B intermediate"
"GACAACACAGGCGA-1","CD4 Naive"
"GACAACACATCGTG-1","CD4 TCM"
"GACAACACTCGCCT-1","CD8 TEM"
"GACAACTGAGGTTC-1","CD4 TCM"
"GACAGGGAAGAGTA-1","B naive"
"GACAGGGAATGCCA-1","CD4 TCM"
"GACAGTACGAGCTT-1","CD16 Mono"
"GACAGTACTTCGGA-1","CD16 Mono"
"GACAGTTGAGTAGA-1","B intermediate"
"GACATTCTCCACCT-1","cDC2"
"GACCAAACGACTAC-1","CD14 Mono"
"GACCAAACGTATCG-1","CD14 Mono"
"GACCATGACTCTCG-1","CD14 Mono"
"GACCCTACTAAAGG-1","B naive"
"GACCTAGACCTCAC-1","CD8 TCM"
"GACCTAGACGAGAG-1","CD4 TCM"
"GACCTCACAAGGTA-1","CD8 Naive"
"GACCTCACGTACGT-1","CD14 Mono"
"GACCTCTGCATCAG-1","CD8 Naive"
"GACGAACTCCCACT-1","CD4 TCM"
"GACGATTGCCAATG-1","B naive"
"GACGCCGACCTTCG-1","CD4 TCM"
"GACGCTCTCTCTCG-1","Platelet"
"GACGGCACACGGGA-1","NK"
"GACGGCACGAGATA-1","CD14 Mono"
"GACGTAACCTATGG-1","CD4 TCM"
"GACGTAACCTGTGA-1","CD4 TCM"
"GACGTAACTATGGC-1","CD4 TCM"
"GACGTATGTTGACG-1","CD4 TCM"
"GACGTATGTTTGCT-1","CD8 Naive"
"GACGTCCTACGGAG-1","CD4 TCM"
"GACGTCCTCTCAAG-1","CD14 Mono"
"GACGTCCTGATAAG-1","B memory"
"GACTACGATGGTCA-1","B naive"
"GACTCCTGCTCGCT-1","CD4 TCM"
"GACTCCTGGGTTAC-1","CD8 Naive"
"GACTCCTGTTATCC-1","CD4 TEM"
"GACTCCTGTTGGTG-1","CD14 Mono"
"GACTGAACAACCGT-1","B intermediate"
"GACTGAACCAATCG-1","CD14 Mono"
"GACTGATGTGATGC-1","CD8 Naive"
"GACTTTACATGCCA-1","CD4 TCM"
"GACTTTACGACAGG-1","B memory"
"GAGAAATGTTCTCA-1","B memory"
"GAGATAGAAAAAGC-1","CD14 Mono"
"GAGATCACGACAAA-1","CD16 Mono"
"GAGATGCTCTGGAT-1","MAIT"
"GAGATGCTGAATGA-1","CD4 TCM"
"GAGCAGGATTCCCG-1","MAIT"
"GAGCATACTTTGCT-1","CD16 Mono"
"GAGCGCACGCGTAT-1","CD14 Mono"
"GAGCGCACGGTGAG-1","MAIT"
"GAGCGCTGAAGATG-1","NK"
"GAGCGCTGTCTTAC-1","CD14 Mono"
"GAGCGGCTGGGAGT-1","B naive"
"GAGGACGACTCAGA-1","CD8 TCM"
"GAGGATCTGAAAGT-1","B memory"
"GAGGCAGACTTGCC-1","CD8 TEM"
"GAGGGAACACCAGT-1","CD4 TCM"
"GAGGGAACGAGGGT-1","CD4 TCM"
"GAGGGATGGGAAAT-1","CD4 TCM"
"GAGGGCCTTCACCC-1","CD4 TCM"
"GAGGGTGAAGAGTA-1","CD4 TCM"
"GAGGTACTACGGTT-1","CD8 Naive"
"GAGGTACTACTCAG-1","CD14 Mono"
"GAGGTACTGACACT-1","NK"
"GAGGTACTGGGAGT-1","CD4 TCM"
"GAGGTACTTAGCGT-1","CD14 Mono"
"GAGGTGGAGTACGT-1","CD8 Naive"
"GAGGTGGATCCTCG-1","NK"
"GAGGTTACTCGTTT-1","CD14 Mono"
"GAGGTTTGTAAGCC-1","CD14 Mono"
"GAGTCAACCATTCT-1","CD4 TCM"
"GAGTCAACGGGAGT-1","CD4 Naive"
"GAGTCTGATCGTGA-1","CD4 TCM"
"GAGTCTGATTTGGG-1","B naive"
"GAGTGACTCAGCTA-1","CD4 TCM"
"GAGTGACTCGGTAT-1","CD8 TEM"
"GAGTGACTCTTGCC-1","B naive"
"GAGTGACTGACTAC-1","B naive"
"GAGTGACTGTCTAG-1","CD4 TCM"
"GAGTGGGAGTCTTT-1","B naive"
"GAGTGGGATGCCCT-1","CD8 Naive"
"GAGTGGGATGCTGA-1","B naive"
"GAGTGTTGCTGTAG-1","CD4 TCM"
"GAGTGTTGTGGTCA-1","CD4 TCM"
"GAGTTGTGCATGGT-1","CD14 Mono"
"GAGTTGTGCTGAGT-1","CD8 TEM"
"GAGTTGTGGCGAGA-1","CD14 Mono"
"GAGTTGTGGTAGCT-1","Platelet"
"GAGTTGTGTATGCG-1","CD16 Mono"
"GATAAGGAGAAACA-1","CD14 Mono"
"GATAAGGATTCACT-1","CD14 Mono"
"GATACTCTATCGGT-1","CD4 TCM"
"GATACTCTTACTTC-1","CD8 Naive"
"GATACTCTTGACTG-1","CD14 Mono"
"GATAGAGAAGGGTG-1","CD8 TEM"
"GATAGAGACTGTGA-1","CD4 TCM"
"GATAGAGATCACGA-1","CD14 Mono"
"GATAGCACCCATAG-1","CD4 TCM"
"GATAGCACGAAGGC-1","CD14 Mono"
"GATAGCACTTGTCT-1","CD8 Naive"
"GATATAACAAGGTA-1","CD4 TCM"
"GATATAACACGCAT-1","CD4 TCM"
"GATATATGCTGGAT-1","CD4 TCM"
"GATATATGTCCGTC-1","CD8 TEM"
"GATATATGTGGAGG-1","CD14 Mono"
"GATATCCTAGAAGT-1","CD4 TCM"
"GATATCCTCCCGTT-1","CD14 Mono"
"GATATTGACAGGAG-1","MAIT"
"GATATTGACGAGTT-1","CD16 Mono"
"GATATTGAGCCAAT-1","CD4 TCM"
"GATCCCTGACCTTT-1","NK"
"GATCCCTGTGTAGC-1","CD8 TEM"
"GATCCGCTGGTCAT-1","CD14 Mono"
"GATCGAACCGAGAG-1","CD4 TCM"
"GATCGATGACTAGC-1","B memory"
"GATCGATGGTAAAG-1","B naive"
"GATCGATGTAAGGA-1","CD14 Mono"
"GATCGTGACACTAG-1","CD4 TCM"
"GATCGTGATTCACT-1","CD4 TCM"
"GATCTACTGGTGAG-1","MAIT"
"GATCTACTTTGCAG-1","B naive"
"GATCTTACACCCAA-1","CD16 Mono"
"GATCTTACCCTACC-1","CD4 TCM"
"GATCTTACGAATAG-1","CD14 Mono"
"GATCTTACGAGATA-1","CD14 Mono"
"GATGCAACTCCAGA-1","CD4 TCM"
"GATGCCCTACGTAC-1","CD4 TCM"
"GATGCCCTCTCATT-1","CD4 TCM"
"GATGCCCTGGCAAG-1","CD14 Mono"
"GATGCCCTTTTGCT-1","CD4 TCM"
"GATTACCTTGTTCT-1","CD8 Naive"
"GATTCGGAACGACT-1","CD4 Naive"
"GATTCGGACAGGAG-1","CD14 Mono"
"GATTCGGAGAAGGC-1","CD16 Mono"
"GATTCTTGATTCGG-1","CD14 Mono"
"GATTCTTGCCGATA-1","CD4 TCM"
"GATTCTTGCGAGTT-1","B naive"
"GATTGGACCCGTTC-1","B intermediate"
"GATTGGACGGTGTT-1","B naive"
"GATTGGACTTTCGT-1","B naive"
"GATTGGTGTGTCAG-1","CD4 TCM"
"GATTTAGACACTCC-1","CD16 Mono"
"GATTTAGACTAAGC-1","B naive"
"GATTTAGATTCGTT-1","CD14 Mono"
"GATTTGCTAACGAA-1","CD4 TCM"
"GATTTGCTAACGGG-1","CD14 Mono"
"GCAACCCTCCTCGT-1","CD14 Mono"
"GCAACTGATTGCGA-1","CD8 Naive"
"GCAAGACTACTGGT-1","CD4 TCM"
"GCAAGACTAGGTCT-1","CD4 TCM"
"GCAAGACTCCCTTG-1","CD4 TCM"
"GCAATCGACTGCAA-1","CD8 TCM"
"GCAATCGAGACGTT-1","CD16 Mono"
"GCAATCGATCCTTA-1","CD14 Mono"
"GCAATTCTCGTGTA-1","CD4 TCM"
"GCAATTCTTCTCCG-1","CD4 TCM"
"GCACAAACAATGCC-1","MAIT"
"GCACAAACGGTACT-1","CD4 TCM"
"GCACAATGGTGCAT-1","cDC2"
"GCACACCTGTGCTA-1","NK"
"GCACCACTCATGAC-1","CD14 Mono"
"GCACCACTGTTTGG-1","CD14 Mono"
"GCACCACTTCCTTA-1","NK"
"GCACCACTTTCGGA-1","CD14 Mono"
"GCACCTACGCGATT-1","CD4 TCM"
"GCACCTTGGCTGTA-1","CD4 TCM"
"GCACCTTGGGGAGT-1","CD14 Mono"
"GCACGGACCAGCTA-1","CD4 TCM"
"GCACGGTGACCTCC-1","CD4 TCM"
"GCACGGTGCTATGG-1","CD14 Mono"
"GCACTAGAACGGGA-1","CD4 TCM"
"GCACTAGAAGATGA-1","B naive"
"GCACTAGACCTTTA-1","CD16 Mono"
"GCACTAGACGTAAC-1","B naive"
"GCACTAGAGTCGTA-1","NK_CD56bright"
"GCACTAGATGCAAC-1","CD4 TCM"
"GCACTGCTGAGGCA-1","CD8 TCM"
"GCAGATACAGCGTT-1","MAIT"
"GCAGATACGACGGA-1","CD4 TCM"
"GCAGATACGCAGAG-1","CD4 TCM"
"GCAGCCGACAGTCA-1","CD8 Naive"
"GCAGCGTGCACTCC-1","CD4 TCM"
"GCAGCTCTCAATCG-1","CD4 TCM"
"GCAGCTCTGTTTCT-1","CD4 TCM"
"GCAGGGCTAAGAAC-1","CD4 TCM"
"GCAGGGCTAAGGGC-1","CD4 TCM"
"GCAGGGCTATCGAC-1","NK"
"GCAGGGCTTGGGAG-1","MAIT"
"GCAGTCCTAACTGC-1","CD4 TCM"
"GCAGTCCTCTCTTA-1","CD4 TCM"
"GCATCAGATGCGTA-1","MAIT"
"GCATGTGACAAGCT-1","CD4 TCM"
"GCATTGGAGAAGGC-1","CD4 TCM"
"GCCAAAACGAGGCA-1","MAIT"
"GCCAAATGATCGAC-1","CD4 TCM"
"GCCAACCTACGGTT-1","CD4 TCM"
"GCCAACCTCGCCTT-1","CD4 TCM"
"GCCACGGAGGCGAA-1","CD14 Mono"
"GCCACGGATACTGG-1","CD4 Naive"
"GCCACTACCTACTT-1","B naive"
"GCCACTACGTCTTT-1","CD4 TCM"
"GCCCAACTACCGAT-1","CD4 TCM"
"GCCCAACTATGGTC-1","CD8 TEM"
"GCCCATACAGCGTT-1","CD8 Proliferating"
"GCCGACGAACTCTT-1","CD14 Mono"
"GCCGAGTGCGTTGA-1","CD4 TCM"
"GCCGGAACGAACTC-1","CD8 TEM"
"GCCGGAACGTTCTT-1","NK"
"GCCGGAACTGCACA-1","NK"
"GCCGGAACTTACTC-1","CD4 TCM"
"GCCGTACTACCTGA-1","CD8 TCM"
"GCCGTACTGGCAAG-1","CD14 Mono"
"GCCTACACAGTTCG-1","NK"
"GCCTACACCACTGA-1","CD16 Mono"
"GCCTACACCTTGAG-1","CD4 TCM"
"GCCTAGCTACGGAG-1","B naive"
"GCCTAGCTCTATTC-1","CD4 TCM"
"GCCTAGCTTCTCAT-1","CD4 TCM"
"GCCTAGCTTCTCTA-1","CD16 Mono"
"GCCTCAACCATGGT-1","CD8 Naive"
"GCCTCAACTCTTTG-1","CD4 Proliferating"
"GCCTCATGTCTTAC-1","MAIT"
"GCCTGACTCTCAAG-1","CD14 Mono"
"GCGAAGGAACTCTT-1","CD8 TCM"
"GCGAAGGAGAGCTT-1","CD4 Proliferating"
"GCGAAGGATGCCAA-1","CD8 Naive"
"GCGAGAGAGGGACA-1","CD4 TCM"
"GCGAGCACTGTCGA-1","B memory"
"GCGAGCACTTGACG-1","CD8 Naive"
"GCGAGCACTTGCTT-1","CD14 Mono"
"GCGATATGGTACGT-1","CD4 TCM"
"GCGATATGGTGTTG-1","CD4 TCM"
"GCGCACGAAGTCGT-1","CD8 Naive"
"GCGCACGACTTTAC-1","CD14 Mono"
"GCGCATCTAGGTCT-1","CD4 TCM"
"GCGCATCTGGTTAC-1","Platelet"
"GCGCATCTTCGATG-1","CD8 Naive"
"GCGCATCTTGCTCC-1","NK"
"GCGCATCTTTCTAC-1","CD4 TCM"
"GCGCGAACGTTCTT-1","B naive"
"GCGCGATGAACGGG-1","CD4 TCM"
"GCGCGATGGTGCAT-1","NK"
"GCGGAGCTCCTGAA-1","CD4 TCM"
"GCGGCAACCCGATA-1","CD4 TCM"
"GCGGCAACGGAGGT-1","B naive"
"GCGGCAACTGTCGA-1","CD14 Mono"
"GCGTAAACACGGTT-1","cDC2"
"GCGTAATGCACCAA-1","CD16 Mono"
"GCGTATGAACACCA-1","CD4 TCM"
"GCGTATGATGAGAA-1","CD14 Mono"
"GCTACAGAAAGGTA-1","CD4 TCM"
"GCTACAGAATCTTC-1","B naive"
"GCTACAGATCTTAC-1","CD4 TCM"
"GCTACCTGAGAAGT-1","CD14 Mono"
"GCTACCTGATCACG-1","CD4 TCM"
"GCTACGCTAGAATG-1","CD8 Naive"
"GCTACGCTAGCTAC-1","CD4 TCM"
"GCTACGCTCCCTAC-1","CD4 TCM"
"GCTAGAACAGAGGC-1","B naive"
"GCTAGAACGGATCT-1","CD4 TCM"
"GCTAGAACTCCCGT-1","CD4 TCM"
"GCTAGATGAGCTCA-1","CD14 Mono"
"GCTAGATGGCGATT-1","CD8 TEM"
"GCTATACTAAGGCG-1","CD4 TCM"
"GCTATACTAGCGTT-1","CD8 TEM"
"GCTATACTCTCTTA-1","CD8 Naive"
"GCTATACTGGACGA-1","CD4 TCM"
"GCTCAAGAACCATG-1","CD16 Mono"
"GCTCAAGAAGTCAC-1","CD16 Mono"
"GCTCAGCTGTCTAG-1","CD4 Naive"
"GCTCCATGAGAAGT-1","CD8 TEM"
"GCTCCATGCCGAAT-1","CD4 TCM"
"GCTCGACTCTAGTG-1","CD14 Mono"
"GCTGATGAGGTATC-1","CD14 Mono"
"GCTTAACTACAGTC-1","CD14 Mono"
"GCTTAACTACTGGT-1","CD8 TEM"
"GCTTAACTGCTGAT-1","CD4 TCM"
"GCTTAACTTAGACC-1","CD14 Mono"
"GCTTAACTTCAGTG-1","CD4 TCM"
"GGAACACTCACTTT-1","CD14 Mono"
"GGAACACTTCAGAC-1","Platelet"
"GGAACTACTACTTC-1","CD4 TCM"
"GGAACTTGAAGGTA-1","CD14 Mono"
"GGAACTTGAGAATG-1","CD8 Naive"
"GGAACTTGCTCCAC-1","CD14 Mono"
"GGAACTTGGGTAGG-1","B naive"
"GGAAGGACATCGGT-1","CD14 Mono"
"GGAAGGACCACTAG-1","CD4 TCM"
"GGAAGGACGAGGGT-1","CD4 TCM"
"GGAAGGACGCGAAG-1","CD8 TCM"
"GGAAGGTGGCGAGA-1","NK"
"GGAATCTGAAGGGC-1","CD4 TCM"
"GGAATCTGAGGAGC-1","CD4 TCM"
"GGAATCTGCTTAGG-1","B naive"
"GGAATCTGCTTGTT-1","CD14 Mono"
"GGAATCTGGGAGGT-1","CD4 TCM"
"GGAATGCTTTCTAC-1","CD4 TCM"
"GGACAGGAAAGGGC-1","MAIT"
"GGACAGGAGTGCTA-1","B naive"
"GGACAGGATCTCGC-1","CD4 TCM"
"GGACCCGAAGCTAC-1","CD14 Mono"
"GGACCGTGCTTACT-1","CD14 Mono"
"GGACCGTGGGAACG-1","cDC2"
"GGACCGTGTAACGC-1","CD4 TCM"
"GGACCTCTGTAAGA-1","CD14 Mono"
"GGACCTCTTTTCTG-1","CD8 TEM"
"GGACGAGAGTGTCA-1","CD14 Mono"
"GGACGCTGACGCAT-1","MAIT"
"GGACGCTGCTAGCA-1","CD4 TCM"
"GGACGCTGTCCTCG-1","NK"
"GGAGAGACGTGAGG-1","B naive"
"GGAGCAGATTCAGG-1","B naive"
"GGAGCCACCTTCTA-1","B intermediate"
"GGAGCGCTACGCAT-1","CD14 Mono"
"GGAGCGCTCCGAAT-1","CD4 TCM"
"GGAGGATGCCACCT-1","CD4 Naive"
"GGAGGATGGTTGAC-1","CD14 Mono"
"GGAGGATGTCAGTG-1","CD14 Mono"
"GGAGGCCTCGTTGA-1","NK"
"GGAGGCCTTTCTTG-1","CD4 TCM"
"GGAGGTGATACGCA-1","CD4 TCM"
"GGAGGTGATCGCTC-1","CD4 TEM"
"GGATACTGCAGCTA-1","CD4 TCM"
"GGATACTGTCTAGG-1","CD4 TCM"
"GGATAGCTCGTCTC-1","CD4 TCM"
"GGATAGCTCTGAAC-1","CD8 TEM"
"GGATGTACCAAAGA-1","B naive"
"GGATGTACGCGAAG-1","CD4 TCM"
"GGATGTACGTCTTT-1","CD14 Mono"
"GGATGTACGTGTCA-1","CD8 TEM"
"GGATTTCTAGGTTC-1","CD4 TCM"
"GGATTTCTTTGTCT-1","CD14 Mono"
"GGCAAGGAAAAAGC-1","NK"
"GGCAAGGAAGAAGT-1","CD4 TCM"
"GGCAAGGACTTGGA-1","CD14 Mono"
"GGCAAGGAGGACTT-1","CD4 TCM"
"GGCAATACGCTAAC-1","B naive"
"GGCAATACGGCATT-1","CD8 TEM"
"GGCAATACGTTTCT-1","B naive"
"GGCACGTGGCTTAG-1","CD16 Mono"
"GGCACGTGTGAGAA-1","Plasmablast"
"GGCACTCTTTTGTC-1","CD4 TCM"
"GGCATATGCTTATC-1","NK"
"GGCATATGGGGAGT-1","Platelet"
"GGCATATGTGTGAC-1","CD4 TCM"
"GGCCACGACAGAGG-1","CD4 TCM"
"GGCCAGACTGGTTG-1","CD4 TCM"
"GGCCCAGAAAGTAG-1","CD14 Mono"
"GGCCGAACAACGAA-1","CD4 Naive"
"GGCCGAACGCAGAG-1","CD4 TCM"
"GGCCGAACGTAGGG-1","CD4 TCM"
"GGCCGAACTCTAGG-1","NK"
"GGCCGATGCAGGAG-1","CD4 TCM"
"GGCCGATGCCGAAT-1","CD4 TCM"
"GGCCGATGTACTCT-1","MAIT"
"GGCGACACTGCCCT-1","NK_CD56bright"
"GGCGACTGCGTAAC-1","CD4 TCM"
"GGCGCATGCCTAAG-1","CD16 Mono"
"GGCGCATGCTCCAC-1","CD4 TCM"
"GGCGCATGTGGAAA-1","CD4 TCM"
"GGCGGACTAGAGGC-1","CD4 TCM"
"GGCGGACTAGGAGC-1","MAIT"
"GGCGGACTCTGACA-1","CD4 TCM"
"GGCGGACTCTTGGA-1","CD8 TEM"
"GGCGGACTTACTGG-1","CD8 Naive"
"GGCGGACTTGAACC-1","CD4 TCM"
"GGCTAAACACCTGA-1","NK_CD56bright"
"GGCTAAACTCTTAC-1","CD4 TCM"
"GGCTAATGAGCACT-1","CD8 TEM"
"GGCTAATGGTCTAG-1","CD4 Naive"
"GGCTCACTACTCAG-1","CD14 Mono"
"GGGAACGAAGCTCA-1","CD16 Mono"
"GGGAACGACACAAC-1","B naive"
"GGGAACGAGTGTCA-1","CD14 Mono"
"GGGAAGTGTTGAGC-1","CD14 Mono"
"GGGACCACACGTTG-1","CD8 TEM"
"GGGACCACAGAACA-1","CD4 TCM"
"GGGACCACGAATAG-1","CD4 TCM"
"GGGACCACGTCATG-1","CD8 Naive"
"GGGACCACTCAAGC-1","CD4 TCM"
"GGGACCACTCGTGA-1","CD4 TCM"
"GGGACCACTGCATG-1","CD4 TCM"
"GGGACCTGACCCTC-1","CD14 Mono"
"GGGACCTGCTTGCC-1","CD4 TCM"
"GGGACCTGTGGAGG-1","B naive"
"GGGATGGACGACAT-1","B memory"
"GGGATGGATACTTC-1","CD4 TCM"
"GGGATGGATGGTTG-1","CD14 Mono"
"GGGATTACGTCTAG-1","CD4 TCM"
"GGGCAAGATGCATG-1","CD14 Mono"
"GGGCACACGGTGAG-1","CD16 Mono"
"GGGCACACGTTGCA-1","CD8 TCM"
"GGGCAGCTTGGGAG-1","MAIT"
"GGGCAGCTTTTCTG-1","CD4 TCM"
"GGGCCAACCTTGGA-1","cDC2"
"GGGCCAACGCGTTA-1","B intermediate"
"GGGCCAACTACGCA-1","CD14 Mono"
"GGGCCAACTCCAAG-1","B naive"
"GGGCCATGATGGTC-1","CD4 TCM"
"GGGCCATGTTGACG-1","CD4 TCM"
"GGGTAACTCAGCTA-1","CD8 Naive"
"GGGTAACTCTAGTG-1","B naive"
"GGGTAACTCTGGAT-1","CD4 TCM"
"GGGTTAACGTGCAT-1","NK"
"GGTAAAGAGCTAAC-1","CD8 TEM"
"GGTACAACTGCAAC-1","CD4 TCM"
"GGTACATGAAAGCA-1","B naive"
"GGTACATGAGCTCA-1","CD4 TEM"
"GGTACATGCGGTAT-1","CD4 TCM"
"GGTACATGGTTACG-1","CD4 TCM"
"GGTACATGTGGGAG-1","CD4 TCM"
"GGTACTGAACTCTT-1","CD14 Mono"
"GGTAGTACACCACA-1","MAIT"
"GGTAGTACACTAGC-1","CD14 Mono"
"GGTAGTACCCTGTC-1","CD4 TCM"
"GGTAGTACGCCATA-1","CD14 Mono"
"GGTAGTACTGTCTT-1","CD8 TCM"
"GGTATCGAGACAAA-1","CD14 Mono"
"GGTATCGATGAACC-1","B naive"
"GGTCAAACCAAAGA-1","CD4 TCM"
"GGTCTAGAGAAACA-1","CD14 Mono"
"GGTCTAGATAGCGT-1","CD14 Mono"
"GGTGATACCGACTA-1","B naive"
"GGTGATACGACTAC-1","CD14 Mono"
"GGTGATACTGTTTC-1","CD4 Naive"
"GGTGGAGAAACGGG-1","NK_CD56bright"
"GGTGGAGAAGTAGA-1","CD4 TCM"
"GGTGGAGACAGATC-1","NK"
"GGTGGAGATCGATG-1","CD4 TCM"
"GGTGGAGATCTCTA-1","CD14 Mono"
"GGTGGAGATTACTC-1","CD8 TEM"
"GGTTTACTACGCAT-1","MAIT"
"GTAACGTGACCTCC-1","CD14 Mono"
"GTAACGTGATCGGT-1","B naive"
"GTAACGTGCAGCTA-1","B naive"
"GTAACGTGGTTGAC-1","B memory"
"GTAAGCACAACGGG-1","CD4 TCM"
"GTAAGCACTCATTC-1","B naive"
"GTAAGCTGGTACCA-1","CD14 Mono"
"GTAATAACCTTCTA-1","CD14 Mono"
"GTAATAACGTTGTG-1","CD8 Naive"
"GTACCCTGACAGTC-1","CD16 Mono"
"GTACCCTGGAGCTT-1","CD4 TCM"
"GTACCCTGTCCTTA-1","CD8 TEM"
"GTACCCTGTGAACC-1","CD4 TCM"
"GTACGTGAACGTTG-1","CD8 TEM"
"GTACTTTGTCGACA-1","MAIT"
"GTAGACTGAGATGA-1","CD14 Mono"
"GTAGACTGTATTCC-1","CD4 TCM"
"GTAGCAACAGTCGT-1","CD14 Mono"
"GTAGCAACCATTTC-1","B intermediate"
"GTAGCAACGGTAGG-1","CD14 Mono"
"GTAGCATGCACTCC-1","B naive"
"GTAGCATGTAAGCC-1","CD14 Mono"
"GTAGCCCTGACGTT-1","CD8 Naive"
"GTAGCTGAAGCTAC-1","CD16 Mono"
"GTAGCTGAATTCGG-1","CD4 TCM"
"GTAGGTACACGGGA-1","CD14 Mono"
"GTAGTGACCTCATT-1","CD4 TCM"
"GTAGTGTGAGCGGA-1","NK"
"GTAGTGTGAGGCGA-1","CD14 Mono"
"GTAGTGTGTGGTTG-1","CD8 Naive"
"GTATCACTGGTAGG-1","CD14 Mono"
"GTATCTACAGAAGT-1","CD8 TEM"
"GTATCTACGACGAG-1","CD8 TEM"
"GTATCTACGTTACG-1","CD4 TCM"
"GTATTAGAAACAGA-1","CD4 TCM"
"GTATTAGAGGTCTA-1","CD4 TCM"
"GTATTCACACAGCT-1","CD8 Naive"
"GTATTCACGGGTGA-1","CD8 TEM"
"GTCAACGACACTGA-1","CD4 TCM"
"GTCAACGAGTGTAC-1","CD14 Mono"
"GTCAACGATCAGGT-1","CD8 TEM"
"GTCAATCTACACCA-1","CD8 TEM"
"GTCAATCTGTAGCT-1","MAIT"
"GTCAATCTTGTGGT-1","CD4 TCM"
"GTCACCTGCCTCCA-1","CD4 TCM"
"GTCACCTGTCCCGT-1","CD8 Naive"
"GTCATACTAATCGC-1","B naive"
"GTCATACTGCGATT-1","CD8 TEM"
"GTCATACTTCGCCT-1","Platelet"
"GTCATACTTTACCT-1","CD8 TEM"
"GTCATACTTTGACG-1","CD4 TCM"
"GTCCAAGAAAAACG-1","CD4 TCM"
"GTCCACTGACCTCC-1","CD8 Naive"
"GTCCACTGGGTACT-1","CD16 Mono"
"GTCCAGCTACGGGA-1","CD4 TCM"
"GTCCCATGTGGTGT-1","CD14 Mono"
"GTCGAATGAAGGCG-1","CD14 Mono"
"GTCGACCTGAATGA-1","NK"
"GTCGACCTGTTCAG-1","CD4 TEM"
"GTCGCACTTGAGAA-1","B naive"
"GTCTAACTGGTCTA-1","CD16 Mono"
"GTCTAGGAGCTTCC-1","CD14 Mono"
"GTGAACACACTCTT-1","CD4 Naive"
"GTGAACACAGATCC-1","CD8 TEM"
"GTGAACACTCAGGT-1","CD4 TCM"
"GTGACCCTTAAGCC-1","CD8 TEM"
"GTGATGACAAGTGA-1","CD4 TCM"
"GTGATGACCTGAGT-1","B naive"
"GTGATGACGGTTTG-1","MAIT"
"GTGATTCTCATTTC-1","CD4 TCM"
"GTGATTCTCTCTCG-1","CD14 Mono"
"GTGATTCTGGTTCA-1","NK"
"GTGATTCTGTCGAT-1","CD4 TCM"
"GTGATTCTTAGCGT-1","B naive"
"GTGCCACTCAGGAG-1","CD4 Naive"
"GTGGATTGCACTAG-1","CD16 Mono"
"GTGGATTGCGGAGA-1","CD4 TCM"
"GTGGATTGTAACGC-1","CD4 Naive"
"GTGTACGATCAGTG-1","CD4 TCM"
"GTGTAGTGGGTACT-1","CD4 TCM"
"GTGTATCTAGCCTA-1","B naive"
"GTGTATCTAGTAGA-1","CD8 TEM"
"GTGTATCTGTTACG-1","B intermediate"
"GTGTCAGAAGCGTT-1","CD8 TEM"
"GTGTCAGAATGCTG-1","CD4 TCM"
"GTTAAAACCGAGAG-1","NK"
"GTTAAAACTTCGCC-1","CD8 TCM"
"GTTAAATGCTCGAA-1","CD8 TCM"
"GTTAAATGTCGACA-1","B naive"
"GTTAACCTAGCTAC-1","CD4 TCM"
"GTTAACCTTGCTTT-1","cDC2"
"GTTAGGTGCACTCC-1","CD4 TCM"
"GTTAGGTGCCAGTA-1","CD14 Mono"
"GTTAGGTGCCCAAA-1","CD16 Mono"
"GTTAGGTGGAACTC-1","B naive"
"GTTAGTCTAAGAAC-1","MAIT"
"GTTATAGAGGACAG-1","CD8 TCM"
"GTTATGCTTTCATC-1","CD4 TCM"
"GTTCAACTGGGACA-1","NK"
"GTTCAACTTATGCG-1","CD8 Naive"
"GTTGACGAGCCCTT-1","CD8 TEM"
"GTTGACGATATCGG-1","NK"
"GTTGAGTGGTCTTT-1","CD14 Mono"
"GTTGAGTGTGCTTT-1","CD4 TCM"
"GTTGATCTGGGACA-1","CD4 Naive"
"GTTGATCTTTTCAC-1","CD8 TEM"
"GTTGGATGTTTACC-1","CD16 Mono"
"GTTGTACTATTCCT-1","CD14 Mono"
"GTTGTACTTTTGGG-1","CD4 Naive"
"GTTTAAGACCATGA-1","CD14 Mono"
"GTTTAAGACTGTCC-1","CD8 TEM"
"TAAACAACCAACCA-1","CD4 TCM"
"TAAACAACGAATCC-1","B naive"
"TAAAGACTCAGGAG-1","CD4 TCM"
"TAAATCGATGAGGG-1","CD4 TCM"
"TAACAATGTGCCCT-1","B naive"
"TAACACCTTCGCTC-1","CD14 Mono"
"TAACACCTTCGTAG-1","CD14 Mono"
"TAACACCTTGTTTC-1","Platelet"
"TAACATGACACTAG-1","CD4 TEM"
"TAACCGGACTTACT-1","CD4 Naive"
"TAACGTCTCAACCA-1","CD14 Mono"
"TAACGTCTCATTGG-1","CD4 TCM"
"TAACTAGAATTTCC-1","CD4 TCM"
"TAACTAGACTTAGG-1","CD4 TCM"
"TAACTAGATCTGGA-1","CD4 TCM"
"TAACTCACGAGGAC-1","CD14 Mono"
"TAACTCACGTACAC-1","B memory"
"TAACTCACGTATCG-1","CD14 Mono"
"TAACTCACTCTACT-1","NK"
"TAAGAACTGTGTCA-1","CD14 Mono"
"TAAGAGGACTAAGC-1","B intermediate"
"TAAGAGGACTTGTT-1","NK"
"TAAGATACCCACAA-1","CD8 TCM"
"TAAGATACGGTTCA-1","CD14 Mono"
"TAAGATTGCGTAGT-1","CD4 TCM"
"TAAGATTGTTGCTT-1","CD4 TCM"
"TAAGCGTGAGGTTC-1","CD14 Mono"
"TAAGCGTGGACAAA-1","CD14 Mono"
"TAAGCGTGGGAAAT-1","CD4 TCM"
"TAAGCGTGTGCTCC-1","CD16 Mono"
"TAAGGCTGCCATGA-1","CD8 TCM"
"TAAGGCTGCTGCTC-1","CD4 TCM"
"TAAGGCTGTCTCGC-1","CD14 Mono"
"TAAGGGCTGCTGTA-1","CD8 TEM"
"TAAGGGCTTTACTC-1","CD4 TCM"
"TAAGTAACCGAGAG-1","B naive"
"TAAGTAACCTCCAC-1","B naive"
"TAAGTAACCTGTAG-1","CD4 TCM"
"TAAGTAACTTGTCT-1","CD8 TCM"
"TAATGATGAGCGGA-1","CD4 TCM"
"TAATGCCTCATGAC-1","CD4 TCM"
"TAATGCCTCGTCTC-1","NK Proliferating"
"TAATGTGAAGATGA-1","CD4 TCM"
"TAATGTGACTGCAA-1","CD14 Mono"
"TAATGTGATTACTC-1","CD8 TCM"
"TACAAATGGGTACT-1","CD4 TCM"
"TACAATGAAAACAG-1","CD14 Mono"
"TACAATGACTTAGG-1","CD4 TCM"
"TACAATGATGCTAG-1","CD8 TEM"
"TACACACTCACACA-1","CD4 TCM"
"TACACACTCTTACT-1","CD4 TCM"
"TACATAGAACGCAT-1","CD8 TEM"
"TACATCACACGGGA-1","CD4 Naive"
"TACATCACCTGTTT-1","CD16 Mono"
"TACATCACGCTAAC-1","B naive"
"TACATCACTGAACC-1","CD16 Mono"
"TACCATTGAGGTTC-1","CD4 TCM"
"TACCATTGCGGGAA-1","CD16 Mono"
"TACCATTGGGGATG-1","CD14 Mono"
"TACCATTGTGAGGG-1","CD14 Mono"
"TACCGGCTGTTGGT-1","CD8 Naive"
"TACGAGTGATCTCT-1","CD4 TCM"
"TACGAGTGATGCTG-1","CD14 Mono"
"TACGAGTGCGGAGA-1","CD4 TCM"
"TACGAGTGGTTGGT-1","CD4 TCM"
"TACGATCTAGTGTC-1","CD4 TCM"
"TACGATCTCACTGA-1","CD14 Mono"
"TACGATCTTACGAC-1","CD8 TEM"
"TACGCAGACGTCTC-1","B memory"
"TACGCAGAGAATCC-1","NK_CD56bright"
"TACGCCACATTCCT-1","CD4 TCM"
"TACGCCACTCCCAC-1","CD16 Mono"
"TACGCCACTCCGAA-1","B memory"
"TACGCGCTCTTCTA-1","CD8 TEM"
"TACGGAACGCGTTA-1","B naive"
"TACGGCCTGGGACA-1","NK"
"TACGGCCTGTCCTC-1","CD4 TCM"
"TACGTACTACGGAG-1","CD4 TCM"
"TACGTACTCAGTTG-1","CD4 TCM"
"TACGTACTCCCGTT-1","B naive"
"TACGTTACAGAAGT-1","CD4 TCM"
"TACGTTACCAAGCT-1","CD14 Mono"
"TACTAAGAAAGGTA-1","B naive"
"TACTAAGAATCACG-1","CD4 TCM"
"TACTAAGATGATGC-1","CD14 Mono"
"TACTAAGATTGCGA-1","CD4 TCM"
"TACTACACGAGAGC-1","CD4 TCM"
"TACTACACTTACCT-1","B naive"
"TACTACTGAACCTG-1","CD14 Mono"
"TACTACTGATGTCG-1","CD8 TEM"
"TACTACTGATTCTC-1","CD4 TCM"
"TACTACTGTATGGC-1","CD4 TCM"
"TACTCAACGGTCTA-1","CD14 Mono"
"TACTCAACTGCTAG-1","B naive"
"TACTCCCTCAGTTG-1","CD4 TCM"
"TACTCTGAATCGAC-1","NK"
"TACTCTGACGAGTT-1","CD4 TCM"
"TACTCTGATTGACG-1","B naive"
"TACTGGGATCGATG-1","CD4 TCM"
"TACTGTTGAAAGCA-1","CD4 TCM"
"TACTGTTGAGGCGA-1","NK"
"TACTGTTGCTGAAC-1","Plasmablast"
"TACTTGACTCCTCG-1","CD8 TEM"
"TACTTGACTGGTGT-1","B naive"
"TACTTTCTTTTGGG-1","MAIT"
"TAGAAACTAATCGC-1","CD4 TCM"
"TAGAAACTGCTTCC-1","CD14 Mono"
"TAGAAACTGGGATG-1","CD8 TEM"
"TAGAATTGCGACAT-1","CD4 TCM"
"TAGAATTGTATCGG-1","CD4 TCM"
"TAGACGTGCTTGAG-1","CD4 TCM"
"TAGACGTGTCGCTC-1","CD4 TCM"
"TAGAGCACCTTACT-1","B naive"
"TAGATTGACTTGTT-1","B naive"
"TAGATTGAGGCATT-1","CD8 TEM"
"TAGCATCTCAGCTA-1","NK"
"TAGCATCTCCCTCA-1","CD8 TCM"
"TAGCATCTGCTGTA-1","CD16 Mono"
"TAGCATCTGGGACA-1","CD8 Naive"
"TAGCATCTTGTCGA-1","CD4 Naive"
"TAGCCCACAAAAGC-1","CD4 TCM"
"TAGCCCACAGCCAT-1","MAIT"
"TAGCCCACAGCTAC-1","NK Proliferating"
"TAGCCCACCCACAA-1","CD4 TCM"
"TAGCCCTGCGGAGA-1","CD8 TCM"
"TAGCCGCTTACGAC-1","CD4 TCM"
"TAGCCGCTTACTTC-1","CD8 TEM"
"TAGCCGCTTTCCAT-1","CD14 Mono"
"TAGCTACTGAATAG-1","B naive"
"TAGCTACTGTAGCT-1","CD4 TCM"
"TAGCTACTTTTGCT-1","MAIT"
"TAGGACTGTGCTGA-1","CD4 TEM"
"TAGGAGCTAAGGCG-1","B naive"
"TAGGAGCTGAGGGT-1","CD4 TCM"
"TAGGAGCTTGCATG-1","B naive"
"TAGGCAACCGTCTC-1","B naive"
"TAGGCATGCTCTCG-1","pDC"
"TAGGCATGGCGAGA-1","CD8 TEM"
"TAGGCTGATGCCTC-1","CD14 Mono"
"TAGGGACTGAACTC-1","NK"
"TAGGTCGACACTGA-1","CD4 Naive"
"TAGGTCGAGGATCT-1","B naive"
"TAGGTGACACACTG-1","CD4 TCM"
"TAGGTGACACGTTG-1","B naive"
"TAGGTGTGTTCTGT-1","CD4 TEM"
"TAGGTTCTGAAGGC-1","CD4 TCM"
"TAGGTTCTTCTTAC-1","CD16 Mono"
"TAGGTTCTTGCTGA-1","CD14 Mono"
"TAGTAAACCTCGCT-1","CD4 TCM"
"TAGTAAACGTCACA-1","CD4 TCM"
"TAGTAATGAGATCC-1","CD4 TCM"
"TAGTACCTAAGAAC-1","CD14 Mono"
"TAGTATGATCTTAC-1","B naive"
"TAGTATGATTCTCA-1","CD4 TCM"
"TAGTCTTGGCTGTA-1","CD4 TCM"
"TAGTCTTGGGACTT-1","CD4 TCM"
"TAGTCTTGTGGAAA-1","MAIT"
"TAGTGGTGAAGTGA-1","NK"
"TAGTTAGAACCACA-1","NK"
"TAGTTAGATGAACC-1","CD4 TCM"
"TATAAGACAACAGA-1","CD8 TEM"
"TATAAGACAGCTCA-1","CD16 Mono"
"TATAAGTGACACCA-1","CD16 Mono"
"TATAAGTGTATCGG-1","CD14 Mono"
"TATAAGTGTGGTGT-1","CD16 Mono"
"TATACAGAACCCTC-1","CD8 TEM"
"TATACAGAAGAACA-1","CD4 TCM"
"TATACAGATCCAGA-1","CD4 TCM"
"TATACCACCTGATG-1","B naive"
"TATACGCTACCAAC-1","CD4 TCM"
"TATAGATGGACGGA-1","CD4 TCM"
"TATAGATGTTCCGC-1","CD16 Mono"
"TATCACTGACTGTG-1","CD14 Mono"
"TATCCAACCAGCTA-1","CD14 Mono"
"TATCCAACTCTCTA-1","MAIT"
"TATCGACTACTAGC-1","NK_CD56bright"
"TATCGACTCGATAC-1","CD16 Mono"
"TATCGTACAGATGA-1","CD8 TEM"
"TATCGTACATTCCT-1","CD14 Mono"
"TATCTCGAGAGATA-1","CD4 Naive"
"TATCTGACAGGTTC-1","CD8 TEM"
"TATCTGACTGTTTC-1","CD8 TEM"
"TATCTTCTAAACAG-1","CD8 Naive"
"TATGAATGGAGGAC-1","CD8 TEM"
"TATGAATGTTTGCT-1","CD16 Mono"
"TATGCGGATAACCG-1","CD4 TCM"
"TATGGGTGCATCAG-1","NK"
"TATGGGTGCTAGCA-1","B memory"
"TATGGTCTCTACCC-1","CD4 TCM"
"TATGTCACGGAACG-1","B intermediate"
"TATGTCACTAACCG-1","CD14 Mono"
"TATGTCACTTCTCA-1","B naive"
"TATGTGCTCCGATA-1","CD14 Mono"
"TATGTGCTGGATTC-1","CD4 TCM"
"TATTGCTGAAGAAC-1","CD14 Mono"
"TATTGCTGCCGTTC-1","B memory"
"TATTGCTGTCTGGA-1","CD4 TCM"
"TATTGCTGTGCACA-1","CD8 TCM"
"TATTTCCTATTGGC-1","CD14 Mono"
"TATTTCCTGGAGGT-1","CD8 TEM"
"TATTTCCTGGTGTT-1","CD4 TCM"
"TCAACACTGTTTGG-1","NK"
"TCAAGGACAGCGTT-1","CD4 TCM"
"TCAAGGACATTCTC-1","CD8 TEM"
"TCAAGGACGGTGTT-1","CD14 Mono"
"TCAATCACACTCTT-1","CD8 TEM"
"TCAATCACAGTCGT-1","CD16 Mono"
"TCACAACTATGTGC-1","CD4 TCM"
"TCACAACTTTGCTT-1","CD14 Mono"
"TCACATACACTTTC-1","CD8 TCM"
"TCACATACAGGGTG-1","CD4 TCM"
"TCACCCGAGACGGA-1","CD14 Mono"
"TCACCGTGCTCGCT-1","CD16 Mono"
"TCACCTCTACGACT-1","MAIT"
"TCACCTCTTCCAAG-1","CD16 Mono"
"TCACGAGAGGAGGT-1","B memory"
"TCACTATGGGGCAA-1","CD8 TEM"
"TCACTATGGTTGTG-1","B memory"
"TCAGACGACGCTAA-1","CD4 TCM"
"TCAGACGACGTTAG-1","NK"
"TCAGAGACTCCAGA-1","CD4 Naive"
"TCAGCAGACTCCAC-1","CD4 TCM"
"TCAGCGCTCTAGTG-1","MAIT"
"TCAGCGCTGGATCT-1","B naive"
"TCAGCGCTGGTATC-1","MAIT"
"TCAGGATGAAGTAG-1","CD4 Naive"
"TCAGGATGCCTTTA-1","CD16 Mono"
"TCAGTGGAAGATCC-1","CD8 TEM"
"TCAGTTACCTACGA-1","CD14 Mono"
"TCAGTTACTAGAAG-1","CD4 TCM"
"TCATCAACCCGATA-1","CD4 TCM"
"TCATCAACTGTTCT-1","CD14 Mono"
"TCATCATGCAGTTG-1","CD4 TCM"
"TCATCCCTTACTGG-1","CD4 TCM"
"TCATTCGATACAGC-1","CD16 Mono"
"TCCACGTGGAAACA-1","CD4 Naive"
"TCCACTCTACACTG-1","CD4 TCM"
"TCCACTCTGAGCTT-1","CD14 Mono"
"TCCACTCTTACTTC-1","B naive"
"TCCATAACAAAGTG-1","CD4 TCM"
"TCCATAACCGTAGT-1","B intermediate"
"TCCATAACGATGAA-1","CD4 TCM"
"TCCATAACTACGCA-1","CD4 TCM"
"TCCATCCTCCCTAC-1","CD8 TEM"
"TCCCACGATCATTC-1","CD4 TCM"
"TCCCATCTCAAAGA-1","CD14 Mono"
"TCCCGAACACAGTC-1","NK"
"TCCCGAACTTCGCC-1","CD16 Mono"
"TCCCGATGAGATCC-1","CD4 TCM"
"TCCCGATGCCTGAA-1","CD14 Mono"
"TCCCGATGCTGTGA-1","CD4 TEM"
"TCCCTACTCAACTG-1","B naive"
"TCCGAAGACAATCG-1","CD14 Mono"
"TCCGAAGACGTTAG-1","CD4 TCM"
"TCCGGACTGAGGTG-1","CD4 TCM"
"TCCGGACTGTACGT-1","MAIT"
"TCCTAAACATCGAC-1","CD8 TEM"
"TCCTAAACCGAGAG-1","CD4 TCM"
"TCCTAAACCGCATA-1","NK"
"TCCTAATGGTTTGG-1","CD8 TEM"
"TCCTACCTGTCGTA-1","CD4 TCM"
"TCCTATGAAAAGCA-1","CD8 TEM"
"TCGAATCTCTGGTA-1","CD8 TEM"
"TCGACCTGCCGATA-1","CD16 Mono"
"TCGACGCTTCTATC-1","CD14 Mono"
"TCGACGCTTTGACG-1","CD4 TCM"
"TCGAGAACGACAGG-1","CD4 TCM"
"TCGAGAACGTTAGC-1","CD4 TCM"
"TCGAGCCTATCAGC-1","B naive"
"TCGAGCCTGCGAGA-1","MAIT"
"TCGAGCCTTGTGAC-1","CD4 TCM"
"TCGATACTATTCCT-1","CD8 TCM"
"TCGATACTTGCACA-1","CD4 TCM"
"TCGATTTGATGCCA-1","CD14 Mono"
"TCGATTTGCACTCC-1","CD4 TCM"
"TCGATTTGCAGCTA-1","NK"
"TCGATTTGCCTACC-1","CD14 Mono"
"TCGATTTGTCGTGA-1","B memory"
"TCGCACACCATCAG-1","CD14 Mono"
"TCGCAGCTAGATCC-1","CD8 TEM"
"TCGCCATGAGACTC-1","CD4 TCM"
"TCGCCATGTGGTCA-1","B naive"
"TCGGACCTAACAGA-1","CD4 TCM"
"TCGGACCTATAAGG-1","B naive"
"TCGGACCTGTACAC-1","CD4 TCM"
"TCGGTAGAGTAGGG-1","CD4 TCM"
"TCGGTAGATCCCAC-1","B naive"
"TCGTAGGATCGACA-1","CD4 TCM"
"TCGTGAGAACTGTG-1","B intermediate"
"TCGTTATGGACAAA-1","CD4 TCM"
"TCTAACACCAGTTG-1","NK"
"TCTAACACGAGCAG-1","cDC2"
"TCTAACTGAACCAC-1","CD4 TCM"
"TCTAAGCTAATGCC-1","CD4 TCM"
"TCTAAGCTTAGTCG-1","CD8 TEM"
"TCTAAGCTTCTAGG-1","CD16 Mono"
"TCTAAGCTTGTTCT-1","CD14 Mono"
"TCTAAGCTTTCGCC-1","B naive"
"TCTACAACGACTAC-1","CD14 Mono"
"TCTAGACTTAGAAG-1","CD14 Mono"
"TCTAGTTGCACCAA-1","CD14 Mono"
"TCTATGTGAAGAGT-1","CD14 Mono"
"TCTATGTGAGTCTG-1","CD8 TEM"
"TCTCAAACCTAAGC-1","B naive"
"TCTCTAGAATTTCC-1","CD4 TCM"
"TCTGATACACGTGT-1","CD4 TCM"
"TCTGATACTCGCCT-1","CD4 TCM"
"TCTTACGAACCTGA-1","CD14 Mono"
"TCTTCAGAGCTACA-1","CD14 Mono"
"TCTTGATGCGGAGA-1","CD8 TEM"
"TGAAATTGGTGAGG-1","CD14 Mono"
"TGAACCGAAAACGA-1","CD4 TCM"
"TGAACCGACTACTT-1","CD16 Mono"
"TGAACCGATTCGGA-1","CD16 Mono"
"TGAAGCACTCACGA-1","MAIT"
"TGAAGCTGAACGAA-1","CD8 Naive"
"TGAAGCTGAGACTC-1","CD4 TCM"
"TGAAGCTGCATGGT-1","B intermediate"
"TGAAGCTGCGTAAC-1","CD4 TCM"
"TGAATAACCACTTT-1","CD8 Naive"
"TGAATAACTCCCAC-1","CD8 TEM"
"TGACACGACCTTAT-1","B naive"
"TGACCAGACAACCA-1","CD4 TCM"
"TGACCAGAGGATTC-1","CD8 Naive"
"TGACCGCTAAAAGC-1","CD4 TCM"
"TGACCGCTCTGCAA-1","CD4 Naive"
"TGACGATGCAAAGA-1","CD14 Mono"
"TGACGCCTGTACCA-1","CD4 TCM"
"TGACGCCTTTACTC-1","CD4 TCM"
"TGACTGGAAGAGAT-1","CD14 Mono"
"TGACTGGACCGTAA-1","CD4 TCM"
"TGACTGGACGCAAT-1","CD4 Naive"
"TGACTGGAGGACAG-1","B intermediate"
"TGACTGGATTCTCA-1","CD4 TCM"
"TGACTTACACACCA-1","CD4 TCM"
"TGACTTACAGTCTG-1","CD14 Mono"
"TGACTTTGCGCATA-1","CD8 Naive"
"TGACTTTGTTTGTC-1","CD4 TCM"
"TGAGACACAAGGTA-1","CD4 TCM"
"TGAGACACTCAAGC-1","CD8 TEM"
"TGAGACACTGTGCA-1","CD4 TCM"
"TGAGCTGAATGCTG-1","CD16 Mono"
"TGAGCTGACTGGAT-1","CD14 Mono"
"TGAGCTGAGCGAGA-1","CD4 Naive"
"TGAGCTGATGCTAG-1","CD14 Mono"
"TGAGGACTCTCATT-1","CD14 Mono"
"TGAGGACTTCATTC-1","CD4 TCM"
"TGAGGTACGAACCT-1","CD16 Mono"
"TGAGTCGAGTTACG-1","B naive"
"TGAGTGACTGAGCT-1","CD4 TCM"
"TGATAAACGAATCC-1","CD4 TCM"
"TGATAAACTCCGTC-1","NK"
"TGATAAACTTTCAC-1","CD4 TCM"
"TGATACCTCACTAG-1","CD14 Mono"
"TGATACCTGTTGGT-1","CD4 TCM"
"TGATACCTTATGCG-1","CD8 Naive"
"TGATACCTTGAAGA-1","CD4 TCM"
"TGATATGAACCTTT-1","CD8 Naive"
"TGATCACTAGCATC-1","MAIT"
"TGATCACTCTCGCT-1","CD4 TCM"
"TGATCACTTCTACT-1","B intermediate"
"TGATCGGACTGACA-1","CD16 Mono"
"TGATCGGAGGAGCA-1","B naive"
"TGATCGGATATGCG-1","CD16 Mono"
"TGATTAGACATTGG-1","CD4 TCM"
"TGATTAGATGACTG-1","B naive"
"TGATTAGATGCTAG-1","CD8 Naive"
"TGATTCACTATGCG-1","CD8 Naive"
"TGATTCACTGTCAG-1","B naive"
"TGATTCTGCCGAAT-1","CD4 TCM"
"TGATTCTGCTCTTA-1","CD4 TCM"
"TGCAAGTGAGAACA-1","CD4 TCM"
"TGCAAGTGGGTAGG-1","CD14 Mono"
"TGCAATCTTCAGGT-1","cDC2"
"TGCACAGACGACAT-1","NK"
"TGCCAAGAGCAGTT-1","CD16 Mono"
"TGCCAAGATCTCTA-1","CD4 TCM"
"TGCCACTGAACGTC-1","CD4 TCM"
"TGCCACTGCGATAC-1","NK"
"TGCCAGCTTGGCAT-1","CD4 TCM"
"TGCCCAACAGCAAA-1","CD4 TCM"
"TGCCCAACCGCATA-1","CD16 Mono"
"TGCCGACTCTCCCA-1","B naive"
"TGCGAAACAGTCAC-1","B naive"
"TGCGAAACGTTGCA-1","B naive"
"TGCGATGAACGGTT-1","CD4 TCM"
"TGCGATGACCTCGT-1","CD4 TCM"
"TGCGATGACTAGTG-1","B memory"
"TGCGATGACTGCTC-1","B naive"
"TGCGATGACTTGCC-1","B memory"
"TGCGATGAGTGCTA-1","CD14 Mono"
"TGCGCACTCTTGAG-1","CD14 Mono"
"TGCGTAGAATAAGG-1","CD14 Mono"
"TGCGTAGACGGGAA-1","B naive"
"TGCGTAGATGGTCA-1","CD16 Mono"
"TGCTAGGAAACCGT-1","CD8 TEM"
"TGCTAGGATAGTCG-1","CD4 TCM"
"TGCTATACGGTTCA-1","cDC2"
"TGCTATACTGCTGA-1","MAIT"
"TGCTGAGAGAGCAG-1","NK"
"TGCTGAGATTATCC-1","CD4 TCM"
"TGGAAAGACTCTCG-1","B memory"
"TGGAAAGAGCGATT-1","CD4 TCM"
"TGGAAAGAGGTCAT-1","CD16 Mono"
"TGGAAAGATATGGC-1","CD4 TCM"
"TGGAACACAAACAG-1","NK"
"TGGAACACGCTAAC-1","MAIT"
"TGGAAGCTCAGATC-1","CD4 TCM"
"TGGACCCTACACTG-1","CD14 Mono"
"TGGACCCTCATGGT-1","CD4 TEM"
"TGGACCCTGGTACT-1","CD14 Mono"
"TGGACTGAGTATGC-1","CD4 TCM"
"TGGAGACTATCAGC-1","CD14 Mono"
"TGGAGACTGAAACA-1","CD4 TCM"
"TGGAGACTTCAAGC-1","CD4 TCM"
"TGGAGACTTGACCA-1","CD8 TEM"
"TGGAGGGACGGAGA-1","CD14 Mono"
"TGGAGGGAGCTATG-1","CD8 TCM"
"TGGATCGATAAAGG-1","CD4 TCM"
"TGGATGTGACCTAG-1","B naive"
"TGGATGTGATGTCG-1","MAIT"
"TGGATGTGTGAAGA-1","B naive"
"TGGATTCTCATACG-1","MAIT"
"TGGCAATGCTTGTT-1","B naive"
"TGGCAATGGAGGGT-1","MAIT"
"TGGCACCTTCACGA-1","CD8 TCM"
"TGGCACCTTCAGTG-1","CD14 Mono"
"TGGGTATGAAGAGT-1","CD4 TCM"
"TGGGTATGCACAAC-1","CD4 TCM"
"TGGGTATGGTACGT-1","B naive"
"TGGGTATGTTTGGG-1","CD14 Mono"
"TGGTAGACATGCCA-1","CD4 TCM"
"TGGTAGACCCTCAC-1","NK"
"TGGTAGACCTGATG-1","CD4 TCM"
"TGGTAGTGCACTGA-1","CD16 Mono"
"TGGTATCTAAACAG-1","CD8 Naive"
"TGGTATCTCTTCCG-1","CD4 TCM"
"TGGTCAGACCCAAA-1","HSPC"
"TGGTCAGACCGTTC-1","NK"
"TGGTTACTGACGTT-1","CD14 Mono"
"TGGTTACTGTTCTT-1","CD8 Naive"
"TGTAACCTAGAGGC-1","CD4 TCM"
"TGTAACCTTGCCTC-1","CD14 Mono"
"TGTAATGACACAAC-1","NK"
"TGTAATGAGGTAAA-1","NK"
"TGTACTTGCTCTAT-1","CD16 Mono"
"TGTAGGTGCGAGAG-1","B naive"
"TGTAGGTGCTATGG-1","CD4 TCM"
"TGTAGGTGCTCTAT-1","cDC2"
"TGTAGGTGTGCTGA-1","CD4 TCM"
"TGTAGTCTTCCAGA-1","HSPC"
"TGTAGTCTTGCACA-1","MAIT"
"TGTATCTGTTAGGC-1","CD4 TCM"
"TGTATGCTCATGGT-1","B naive"
"TGTATGCTGTAGGG-1","CD8 TCM"
"TGTATGCTTTCATC-1","CD4 TCM"
"TGTCAGGAATACCG-1","CD8 Naive"
"TGTCAGGAGATGAA-1","CD16 Mono"
"TGTCTAACCCCTTG-1","CD4 Naive"
"TGTGACGATTCTCA-1","CD8 TEM"
"TGTGAGACTGTCAG-1","CD16 Mono"
"TGTGAGACTTGAGC-1","CD4 TCM"
"TGTGAGTGACCACA-1","CD4 TCM"
"TGTGAGTGAGTGCT-1","CD16 Mono"
"TGTGAGTGGAGATA-1","CD8 TEM"
"TGTGATCTCTCTAT-1","B naive"
"TGTGATCTGACACT-1","CD8 TEM"
"TGTGGATGGCCAAT-1","B naive"
"TGTTAAGACAAAGA-1","CD14 Mono"
"TGTTAAGATAAGGA-1","CD14 Mono"
"TGTTAAGATTGGCA-1","CD14 Mono"
"TGTTACACCGCATA-1","CD16 Mono"
"TGTTACACGACTAC-1","CD16 Mono"
"TGTTACTGGCTACA-1","MAIT"
"TGTTACTGTAGTCG-1","CD8 TEM"
"TTAACCACCGTAAC-1","CD4 TCM"
"TTAACCACTAAGGA-1","CD8 TEM"
"TTAACCACTCAGAC-1","CD8 TEM"
"TTACACACGTGTTG-1","CD4 TCM"
"TTACACACTCCTAT-1","CD4 TCM"
"TTACCATGAATCGC-1","CD14 Mono"
"TTACCATGGTTGAC-1","CD4 TCM"
"TTACCATGTGTCTT-1","NK"
"TTACCATGTTGTGG-1","B naive"
"TTACGACTGAGAGC-1","CD4 TCM"
"TTACGACTTGACAC-1","CD14 Mono"
"TTACGTACGTTCAG-1","Platelet"
"TTACTCGAACGTTG-1","Plasmablast"
"TTACTCGAAGAATG-1","CD14 Mono"
"TTACTCGACGCAAT-1","cDC2"
"TTACTCGAGGGTGA-1","CD4 TCM"
"TTACTCGATCTACT-1","NK"
"TTAGAATGTGGTGT-1","CD4 TCM"
"TTAGAATGTGTAGC-1","CD4 TCM"
"TTAGACCTCCTACC-1","CD4 TCM"
"TTAGACCTCCTTTA-1","CD14 Mono"
"TTAGCTACAACCGT-1","CD8 Naive"
"TTAGCTACTGTCCC-1","CD16 Mono"
"TTAGCTACTTTCGT-1","CD4 TCM"
"TTAGGGACGCGAAG-1","MAIT"
"TTAGGGTGCTGGAT-1","B memory"
"TTAGGGTGTCCTGC-1","CD16 Mono"
"TTAGGTCTACTTTC-1","CD14 Mono"
"TTAGTCACCAGTTG-1","CD4 TCM"
"TTAGTCTGAAAGCA-1","B memory"
"TTAGTCTGCCAACA-1","NK"
"TTAGTCTGTGCACA-1","CD4 TCM"
"TTATCCGACTAGTG-1","B naive"
"TTATCCGAGAAAGT-1","CD14 Mono"
"TTATGAGAGATAAG-1","CD4 TCM"
"TTATGCACGTCACA-1","B naive"
"TTATGGCTTATGGC-1","cDC2"
"TTATTCCTATGCTG-1","CD14 Mono"
"TTATTCCTGGACAG-1","B memory"
"TTATTCCTGGTACT-1","B naive"
"TTATTCCTTCGTGA-1","CD4 TCM"
"TTCAAAGATAAAGG-1","CD8 TEM"
"TTCAACACAACAGA-1","CD4 TCM"
"TTCAACACCCCAAA-1","CD14 Mono"
"TTCAACACGGACGA-1","CD16 Mono"
"TTCAAGCTAAGAAC-1","CD14 Mono"
"TTCAAGCTAGATGA-1","CD4 TCM"
"TTCAAGCTGTTGAC-1","CD4 TCM"
"TTCAAGCTTCCAAG-1","CD4 TCM"
"TTCAAGCTTGATGC-1","CD4 TCM"
"TTCAAGCTTTCGCC-1","CD8 Naive"
"TTCACAACCCGTTC-1","CD14 Mono"
"TTCACAACGTCTGA-1","CD16 Mono"
"TTCAGACTACCCAA-1","CD4 TCM"
"TTCAGACTCTCGAA-1","CD4 TCM"
"TTCAGTACCGACTA-1","CD4 TCM"
"TTCAGTACTCAAGC-1","CD8 Naive"
"TTCAGTACTCCTAT-1","CD14 Mono"
"TTCAGTTGCCAAGT-1","CD4 TCM"
"TTCAGTTGTCCTTA-1","cDC2"
"TTCAGTTGTCTAGG-1","CD8 TCM"
"TTCAGTTGTCTCGC-1","B naive"
"TTCATCGAGGTGGA-1","CD14 Mono"
"TTCATGTGTGGTGT-1","CD4 TCM"
"TTCATTCTATGTCG-1","CD14 Mono"
"TTCATTCTTCTCTA-1","CD4 Naive"
"TTCCAAACCTATGG-1","CD14 Mono"
"TTCCAAACCTCCCA-1","B memory"
"TTCCAAACTCCCAC-1","NK"
"TTCCAAACTTGACG-1","CD8 TEM"
"TTCCATGACGAGAG-1","CD14 Mono"
"TTCCATGACTGTCC-1","CD8 TCM"
"TTCCCACTTGAGGG-1","NK"
"TTCCCACTTGTCTT-1","CD14 Mono"
"TTCCTAGAAAGTGA-1","CD4 TCM"
"TTCCTAGACTAGTG-1","CD16 Mono"
"TTCGAGGACTCTAT-1","CD4 TCM"
"TTCGAGGAGGGCAA-1","CD4 TEM"
"TTCGAGGATAGAAG-1","CD16 Mono"
"TTCGATTGAGCATC-1","CD4 TCM"
"TTCGGAGAATGCCA-1","CD14 Mono"
"TTCGGAGATGTGCA-1","CD4 TCM"
"TTCGTATGAAAAGC-1","CD8 TEM"
"TTCGTATGGATAGA-1","CD8 TEM"
"TTCGTATGGTCTGA-1","CD4 TCM"
"TTCGTATGTCCTTA-1","CD14 Mono"
"TTCTACGAACGTAC-1","CD4 TCM"
"TTCTACGAGTTGGT-1","CD4 TCM"
"TTCTAGTGACACGT-1","CD4 TCM"
"TTCTAGTGCATGAC-1","CD14 Mono"
"TTCTAGTGGAGAGC-1","NK"
"TTCTAGTGGTCACA-1","CD14 Mono"
"TTCTCAGAAGAGAT-1","CD4 TCM"
"TTCTCAGAAGCATC-1","B intermediate"
"TTCTCAGATGGAGG-1","CD4 TCM"
"TTCTGATGGAGACG-1","NK"
"TTCTTACTCTGGAT-1","CD16 Mono"
"TTGAACCTCCTTGC-1","B naive"
"TTGAATGAACTACG-1","CD16 Mono"
"TTGAATGACTTACT-1","CD4 TCM"
"TTGAATGATCTCAT-1","B naive"
"TTGACACTCTGTAG-1","CD4 TCM"
"TTGACACTGATAAG-1","B naive"
"TTGAGGACAGAACA-1","CD14 Mono"
"TTGAGGACTACGCA-1","cDC2"
"TTGAGGTGGACGGA-1","CD4 TCM"
"TTGCATTGAGCTAC-1","CD8 TEM"
"TTGCATTGCTAAGC-1","CD14 Mono"
"TTGCATTGTGACTG-1","CD4 TCM"
"TTGCTAACACCAAC-1","CD8 TEM"
"TTGCTAACACGCTA-1","CD16 Mono"
"TTGCTAACCACTCC-1","CD4 TCM"
"TTGCTATGGTACGT-1","CD14 Mono"
"TTGCTATGGTAGGG-1","CD16 Mono"
"TTGGAGACCAATCG-1","CD4 TCM"
"TTGGAGACGCTATG-1","CD14 Mono"
"TTGGAGACTATGGC-1","B naive"
"TTGGGAACTGAACC-1","CD8 Naive"
"TTGGTACTACTGGT-1","CD16 Mono"
"TTGGTACTCTTAGG-1","CD4 TCM"
"TTGGTACTGAATCC-1","B naive"
"TTGGTACTGGATTC-1","B naive"
"TTGTACACGTTGTG-1","B naive"
"TTGTACACTTGCAG-1","CD4 TCM"
"TTGTAGCTAGCTCA-1","CD4 TCM"
"TTGTAGCTCTCTTA-1","B naive"
"TTGTCATGGACGGA-1","NK"
"TTTAGAGATCCTCG-1","B intermediate"
"TTTAGCTGATACCG-1","CD8 Naive"
"TTTAGCTGGATACC-1","CD14 Mono"
"TTTAGCTGTACTCT-1","cDC2"
"TTTAGGCTCCTTTA-1","CD14 Mono"
"TTTATCCTGTTGTG-1","CD16 Mono"
"TTTCACGAGGTTCA-1","CD4 TCM"
"TTTCAGTGGAAGGC-1","CD8 TEM"
"TTTCAGTGTCACGA-1","B naive"
"TTTCAGTGTCTATC-1","CD14 Mono"
"TTTCAGTGTGCAGT-1","B naive"
"TTTCCAGAGGTGAG-1","CD4 TCM"
"TTTCGAACACCTGA-1","pDC"
"TTTCGAACTCTCAT-1","CD14 Mono"
"TTTCTACTGAGGCA-1","Plasmablast"
"TTTCTACTTCCTCG-1","B naive"
"TTTGCATGAGAGGC-1","B intermediate"
"TTTGCATGCCTCAC-1","CD4 TCM"
